sample,Mean_Susc_976,Mean_Susc_15616,Std_Susc_976,Std_Susc_15616,Phase,X_fd,X_fv,X_on
TG01.2A,2.992133333333333e-09,2.098033333333333e-09,4.562163229580191e-12,2.2413017051109897e-11,0.1914044413020448,29.88168976427076,8.941e-10,12.336202723887414
TG01.1A,2.59695e-09,1.7825333333333331e-09,2.35035954696297e-11,3.6910955916457396e-11,0.2052507200345331,31.3605062348781,8.144166666666668e-10,13.253302553105938
TG01.4A,-4.2239e-10,-8.093733333333334e-10,2.0019048428933862e-11,5.665316966713629e-11,2.5953627753573016,91.6175414506341,3.869833333333334e-10,-38.702016177845486
TG01.3B,-4.8764e-10,-1.282393333333333e-09,6.932106461963761e-12,7.895240835676472e-10,2.669899969945805,162.97952041123233,7.947533333333333e-10,-32.473794897354814
TG01.3A,1.8894999999999998e-10,-3.258133333333333e-10,6.628894327110662e-12,2.6073779677420487e-11,1.0230829186982096,272.4336244156302,5.147633333333333e-10,104.37014305983756
TG01.6B,9.4879e-10,2.666266666666667e-10,8.769187533631561e-12,4.142499134982811e-10,0.4053701720682029,71.89824232267766,6.821633333333332e-10,27.319760682671703
TG01.6A,2.137766666666666e-09,1.5366333333333332e-09,3.7700176834245104e-11,1.1861594889951902e-10,0.204785298900668,28.119688771771152,6.011333333333331e-10,13.222391770863164
TG01.5B,1.16128e-09,5.7931e-10,1.3441986460341322e-11,1.6308512255874235e-10,0.348088466017749,50.11452879581151,5.819699999999998e-10,23.10062473502581
TG01.5A,2.03295e-09,1.3838e-09,1.962444903685192e-11,5.572913062304136e-11,0.2135119451606396,31.931429695762315,6.4915e-10,13.802979922769168
TG01.7A,-1.63675e-09,-1.72735e-09,7.606247432209938e-12,4.023107008271092e-11,3.1069478679377056,5.535359706735914,9.060000000000008e-11,-2.2064383936451564
TG01.10A,-1.6605666666666667e-09,-1.7888999999999999e-09,6.14030400984624e-12,1.705373859304762e-11,3.0938288097268813,7.728285525021571,1.283333333333332e-10,-3.043055219399455
TG01.9A,-1.5918e-09,-1.681583333333333e-09,3.2207576748336646e-11,4.524579170118108e-11,3.105755226282177,5.640365205008994,8.978333333333315e-11,-2.282458701852127
TG01.10B,-1.9832666666666662e-09,-2.077066666666667e-09,1.1060440015357318e-12,1.5161775401757324e-10,3.1323424085542237,4.7295707418736885,9.380000000000023e-11,-0.5889056859555045
TG01.11A,-2.03365e-09,-1.93565e-09,7.549503294919521e-12,4.481833330234393e-11,-2.082090531166636,-4.81892164335062,-9.799999999999988e-11,113.46750974276992
TG01.14A,-1.705175e-09,-1.7857833333333335e-09,2.61893585259356e-11,2.9789623473059665e-11,3.110089460591295,4.727276281515596,8.060833333333354e-11,-2.0062192910321146
TG01.13B,-1.38366e-09,-1.4347333333333334e-09,1.1968834529727636e-11,5.984557906256189e-11,3.103719008821516,3.691176541443231,5.107333333333341e-11,-2.4122646159716417
TG01.13A,-1.6682e-09,-1.7285833333333331e-09,2.636639275036812e-11,1.3851991433244022e-11,3.1058134039239094,3.619669903688601,6.038333333333323e-11,-2.278750245058559
TG01.18A,1.8967e-08,1.5047e-08,2.4758836806280903e-11,2.722131517763294e-11,0.1328195560767684,20.667475088311285,3.920000000000001e-09,8.505630517270003
TG01.15B,2.21808e-08,1.7918000000000002e-08,1.1388590782006442e-11,7.00856618717413e-11,0.1439547567044923,19.218423140734323,4.262799999999999e-09,9.22827847080855
TG01.16A,2.8944666666666663e-08,2.3898333333333336e-08,1.892969448600129e-11,1.3652960606891522e-10,0.1185660338521481,17.434415090863016,5.04633333333333e-09,7.583718561379659
TG01.17A,1.611875e-08,1.2855666666666668e-08,3.2938073208168664e-11,1.192755912442527e-11,0.1359175154990584,20.244022230838816,3.2630833333333315e-09,8.706457040030099
TG01.15A,2.722825e-08,2.23615e-08,4.806506007486086e-11,4.1350937111509746e-11,0.119424154067712,17.873899350858025,4.8667499999999996e-09,7.63912910217319
TG01.19A,1.015e-08,8.145616666666667e-09,2.554734167514629e-11,1.632108043809231e-11,0.1352193837982606,19.747619047619043,2.004383333333333e-09,8.661185644336776
TG01.21A,1.2196333333333331e-08,9.581666666666668e-09,1.2503332889007878e-11,4.2986780913826645e-11,0.1401499389351446,21.43813714504359,2.6146666666666663e-09,8.98110164850612
TG01.20A,1.316225e-08,1.0395333333333332e-08,1.575595125658861e-11,2.306223464165352e-11,0.1406299044794431,21.02160851424845,2.766916666666667e-09,9.012267436548331
TG01.23A,5.979833333333333e-09,4.6324999999999995e-09,5.727419430540971e-12,3.207943266331239e-11,0.1589413172149502,22.53128571030409,1.3473333333333339e-09,10.204594239186124
TG01.22A,4.701342857142857e-09,4.96845e-09,2.244557196016728e-09,3.6171577239595e-11,0.1960503415490201,-5.681507411256353,-2.6710714285714263e-10,12.64335452241635
TG01.22B,5.78052e-09,4.458566666666666e-09,4.3996590777013894e-12,7.226633610010465e-11,0.1780584902884615,22.86910750820572,1.321953333333333e-09,11.456891838525536
TG01.24A,7.163975e-09,5.671133333333333e-09,2.6251650741746916e-11,3.892144224802921e-11,0.1419825346497387,20.83817526815304,1.4928416666666664e-09,9.100121130947269
TG01.25B,5.90244e-09,4.4663333333333335e-09,4.074781503344688e-10,9.711057271653473e-11,0.176976386152225,24.330728760761087,1.4361066666666664e-09,11.38578565101622
TG01.26B,3.528533333333333e-09,2.584033333333333e-09,1.7231715913783308e-10,5.040082671279648e-11,0.2050180094676006,26.767495465538083,9.444999999999998e-10,13.237846414102128
TG01.27A,3.080233333333333e-09,2.190433333333333e-09,8.171495171223843e-12,3.5304579495206056e-11,0.2022836603061427,28.88742194855369,8.898000000000003e-10,13.056348315890718
TG01.26A,3.7376e-09,2.837566666666667e-09,2.4240049504900038e-11,1.013380810291307e-10,0.1803361449623141,24.08051512557077,9.00033333333333e-10,11.606649626487428
TG01.27B,3.2370599999999996e-09,2.3800666666666667e-09,1.1936414872146628e-11,1.2050163207746723e-10,0.207449834892046,26.47443462071549,8.569933333333327e-10,13.39943727867239
TG01.29B,-4.91114e-10,-6.818333333333332e-10,1.1497918507277732e-11,5.702582952779678e-11,2.7647062549141377,38.83402495822422,1.9071933333333327e-10,-25.197848476586024
TG01.29A,-2.661533333333333e-10,-5.025966666666666e-10,7.376532609114779e-12,5.0690397841537345e-11,2.4875596052257847,88.83726172882803,2.3644333333333336e-10,-48.80249476428022
TG01.30A,1.359225e-08,1.0938833333333332e-08,2.660043859287579e-11,3.974124641561587e-11,0.1281944335589835,19.52154107426413,2.653416666666667e-09,8.206113012810185
TG01.85B,2.5502800000000006e-08,2.1045e-08,1.1122050170719863e-11,5.650663677834663e-11,0.1331686219271673,17.479649293410922,4.457800000000002e-09,8.528250475310855
TG01.32B,8.886933333333333e-09,7.4513e-09,3.1455100275366554e-11,7.630996003143957e-11,0.1355539052382262,16.154428974374362,1.435633333333333e-09,8.682877112233427
TG01.32A,7.545575e-09,6.273933333333334e-09,5.7194252333603935e-11,9.946992845411664e-12,0.1168061601897205,16.852813293442402,1.2716416666666664e-09,7.47011533809305
TG01.34A,1.1222e-08,9.622016666666668e-09,1.1690451944499943e-11,8.552546794181571e-11,0.0976511716490827,14.257559555634764,1.599983333333333e-09,6.236502525831924
TG01.35A,1.08768e-08,9.108100000000002e-09,1.158447236606004e-11,6.757270158873287e-11,0.1296779634231787,16.261216534274766,1.7686999999999976e-09,8.302145138289575
TG01.36A,1.9932333333333332e-08,1.7531833333333333e-08,1.0016652800877155e-11,2.895801558578596e-11,0.0816232313516014,12.04324631670486,2.400500000000002e-09,5.20786698396644
TG01.38B,4.534466666666666e-08,3.7530333333333335e-08,1.1216654284292511e-10,3.115466792205176e-10,0.1276999236042517,17.233191702074475,7.814333333333329e-09,8.174110486503253
TG01.38A,5.084433333333333e-08,4.342883333333333e-08,6.351640208114113e-11,8.228831427770542e-11,0.0951204442336909,14.584712816243028,7.415499999999991e-09,6.073885248002602
TG01.41A,1.5518666666666666e-08,1.2494333333333334e-08,6.658328118479116e-12,4.015387071420812e-11,0.1293870752145129,19.48835810636652,3.024333333333332e-09,8.283312394513864
TG01.40B,1.5240333333333335e-08,1.2388333333333334e-08,1.495470940317256e-10,1.295157648061929e-10,0.1404408271438104,18.71350145447388,2.852000000000001e-09,8.999989500127981
TG01.40A,2.350933333333333e-08,1.9425666666666665e-08,4.1633319989334105e-12,4.576315839916074e-11,0.1137372895882971,17.37040607985482,4.083666666666669e-09,7.272125637808954
TG01.43A,2.6414333333333333e-08,2.1150333333333333e-08,2.8867513459475816e-12,4.500370355130143e-11,0.1273508577538529,19.928574132730965,5.264e-09,8.151522915562643
TG01.42A,2.8984333333333333e-08,2.33135e-08,3.2145502536649186e-12,4.9306186224449343e-11,0.1228711793404008,19.565167389279257,5.67083333333333e-09,7.861826287132978
TG01.43B,1.99724e-08,1.5762000000000002e-08,4.4105555205665214e-11,7.886063656856692e-11,0.1522276173589454,21.081091906831418,4.210399999999998e-09,9.76666973602894
TG01.44A,2.8466e-09,2.031033333333333e-09,1.0176934705499515e-11,7.135969917724329e-11,0.2023418379478759,28.650553877139977,8.155666666666665e-10,13.060207848427437
TG01.45A,2.490333333333333e-09,1.6769999999999999e-09,8.883880533490866e-12,6.126377396145301e-11,0.2286963096529903,32.65961718645429,8.133333333333333e-10,14.818510492511791
TG01.45B,3.204233333333333e-09,2.2723666666666664e-09,2.0601294457711483e-11,7.896419019614756e-11,0.2179334459323586,29.08235979485473,9.318666666666671e-10,14.097978427146709
TG01.47A,1.2512e-08,9.9635e-09,6.999999999999666e-12,3.7949044783762406e-11,0.1343903524035633,20.3684462915601,2.5484999999999996e-09,8.607437026776935
TG01.46A,1.2949666666666666e-08,1.0291166666666669e-08,8.736894948053739e-12,9.994281698384663e-11,0.1327032007933021,20.52948595845452,2.6584999999999982e-09,8.498091000381146
TG01.46B,1.6755666666666665e-08,1.3546666666666666e-08,1.2423096769055664e-11,5.953430383680858e-11,0.1441060185729984,19.151729763065227,3.208999999999999e-09,9.23811066028042
TG01.48A,1.2855e-08,1.0198e-08,9.999999999994796e-13,5.5237668307052286e-11,0.132645023151569,20.669000388953705,2.656999999999998e-09,8.494321329776625
TG01.49C,1.25516e-08,9.8366e-09,1.487615541731179e-11,1.4465209988105862e-10,0.1585457092511649,21.630708435577933,2.715e-09,10.178763583235025
TG01.48B,1.06324e-08,8.194066666666666e-09,5.458937625582471e-12,5.7302559570522666e-11,0.160954263618917,22.933047414820106,2.4383333333333327e-09,10.33607762446242
TG01.49A,1.0974333333333332e-08,8.564033333333333e-09,4.163331998932251e-12,6.638164907060768e-11,0.1427679328131361,21.9630653342648,2.4102999999999994e-09,9.151148524818987
TG01.50B,1.1003000000000001e-08,8.720866666666666e-09,1.1135528725660376e-11,1.0398943856629535e-10,0.1556833692778942,20.74101002756825,2.282133333333335e-09,9.991967998781975
TG01.50A,1.1614333333333337e-08,9.17385e-09,4.6306946923041256e-11,4.1715740434517086e-11,0.1368919909980885,21.01268547484431,2.4404833333333348e-09,8.769662829675918
TG01.51B,1.12218e-08,8.733766666666667e-09,5.1672042731064e-12,9.191661075851955e-11,0.1615476755645951,22.17142823195328,2.488033333333333e-09,10.374854978507631
TG01.51A,1.1075666666666663e-08,8.741433333333333e-09,1.3868429375142808e-11,5.4723060343271464e-11,0.1439896632895322,21.07533030366869,2.3342333333333318e-09,9.230547399323497
TG01.55B,4.6665e-08,3.6848e-08,1.6093476939431855e-11,1.103516198340556e-09,0.1423606893210041,21.037179899282133,9.817000000000008e-09,9.124688441962151
TG01.52A,1.7007333333333334e-08,1.3535333333333333e-08,1.1581162866195009e-10,3.0084325930070026e-11,0.1292125422893135,20.41472306064051,3.4720000000000004e-09,8.272013432718477
TG01.52B,1.7858400000000002e-08,1.4132666666666669e-08,1.0139033484509535e-11,7.476853170507759e-11,0.1532399083251021,20.86263793695591,3.725733333333335e-09,9.832641213188763
TG01.54B,3.84328e-08,3.0676e-08,1.2275992831538428e-11,1.6900887550658283e-10,0.144024569874572,20.18276055868946,7.756800000000004e-09,9.23281635080562
TG01.53B,1.8069333333333334e-08,1.4300999999999998e-08,1.8770544300402156e-11,2.402769235694512e-10,0.1482948087777849,20.85485537190084,3.768333333333335e-09,9.510559850661378
TG01.54A,4.0223666666666674e-08,3.241433333333333e-08,3.957692930652079e-11,5.7151261286752165e-11,0.1202531854624093,19.41477239767633,7.809333333333337e-09,7.692672157353693
TG01.56A,4.387833333333333e-08,3.6103e-08,2.7319101986214632e-11,4.4595963942938525e-11,0.1087340123992467,17.720211190033055,7.775333333333338e-09,6.949632534260242
TG01.60A,2.8044666666666668e-08,2.26665e-08,3.7237973450049376e-11,7.432563487788083e-11,0.1233656892951325,19.17714598141061,5.378166666666668e-09,7.893789834352522
TG01.61B,2.9934875e-08,2.4064666666666668e-08,1.0471517491339516e-10,1.213666620891687e-10,0.136659280431156,19.609931002996777,5.870208333333331e-09,8.754567372007036
TG01.62A,1.5901e-08,1.2573666666666666e-08,2.5059928172284356e-11,3.2347076117222054e-11,0.134681240612229,20.92530868079577,3.327333333333335e-09,8.626294814800941
TG01.62B,1.6182e-08,1.2843e-08,1.7930421077041208e-11,1.241329931968134e-10,0.154810704651897,20.634037819799776,3.3389999999999993e-09,9.935051647227622
TG01.63A,1.8698e-08,1.4857333333333336e-08,5.291502622130491e-12,5.52207690396779e-11,0.1315396479586393,20.540521267871775,3.840666666666665e-09,8.42270867723352
TG01.64A,1.47345e-08,1.1749333333333332e-08,2.7090588771748742e-11,9.091241206054692e-11,0.1360775040138245,20.259707941678837,2.985166666666668e-09,8.716832950850506
TG01.66B,1.60784e-09,9.732199999999999e-10,3.263606900348143e-11,4.933101044981746e-10,0.2748893571891069,39.47034530799085,6.346200000000001e-10,17.954534492553503
TG01.67A,1.3016e-09,8.411966666666667e-10,2.1295539439046848e-11,7.191002535576433e-11,0.3215187370382221,35.37210612579389,4.604033333333333e-10,21.20426262184809
TG01.69A,8.797083333333332e-10,4.232166666666666e-10,1.734178354918164e-11,9.262625538510488e-11,0.4604760343178373,51.8912518353621,4.5649166666666654e-10,31.57900147740378
TG01.70A,4.257333333333333e-09,3.436883333333333e-09,6.504975531596286e-11,5.3871974779718766e-11,0.1521054443113058,19.271453178828686,8.2045e-10,9.758709049598467
TG01.70B,5.31886e-09,4.230666666666666e-09,6.248839892331996e-12,5.810338486984485e-11,0.1580221104755665,20.4591460074778,1.0881933333333339e-09,10.14458097314738
TG01.72B,1.01545e-09,7.117666666666665e-10,1.7273172841143048e-11,1.2400158560814178e-10,0.3372674246553843,29.906281287442354,3.0368333333333343e-10,22.324048733061208
TG01.73B,7.38084e-10,2.1576666666666683e-11,2.7382714072932938e-11,6.946617295010091e-10,0.3988077340807043,97.076665167289,7.165073333333334e-10,26.826427501209217
TG01.72A,2.295733333333333e-09,1.6949333333333334e-09,8.465419855703102e-12,4.587721293481841e-11,0.1950114550894997,26.170286909048656,6.007999999999995e-10,12.5746224819774
TG01.74A,8.75935e-09,6.97895e-09,3.2362864520928776e-11,6.581178465898005e-11,0.1398881395473455,20.32570909941948,1.7804e-09,8.96410390751094
TG01.74B,1.74876e-08,1.4308e-08,7.569676347110511e-12,2.6457513110644952e-11,0.136938533111475,18.182026121365997,3.179599999999999e-09,8.77268203729667
TG01.76A,1.8108166666666667e-08,1.6098166666666664e-08,6.856067872087301e-11,1.4667026510737155e-10,0.0804887673378051,11.099964104593706,2.0100000000000028e-09,5.135168162252189
TG01.77A,8.80418e-09,8.171933333333333e-09,1.2563319625003167e-11,6.580496435173652e-11,0.0815766892382149,7.181210137305999,6.322466666666673e-10,5.204884204045919
TG01.79A,2.9145166666666672e-08,2.4406666666666672e-08,8.704347572717264e-11,9.755750440979249e-11,0.1074250154602509,16.258270382167424,4.7385e-09,6.86531812564408
TG01.79B,2.64632e-08,2.1964e-08,1.6269603560014002e-11,5.167968653155679e-10,0.1229060859254406,17.001723147616328,4.4992000000000045e-09,7.8640824092813
TG01.80B,3.0262e-08,2.483066666666667e-08,4.092676385936429e-11,7.423161949825232e-11,0.1194386984781453,17.94770118740776,5.431333333333337e-09,7.640068361996086
TG01.81B,2.82598e-08,2.2831333333333334e-08,1.4652644812455926e-11,5.7492028432933984e-11,0.1432566250036945,19.20914750517224,5.428466666666665e-09,9.18290471456754
TG01.82A,1.0992833333333332e-08,8.599933333333333e-09,2.8978727830370158e-11,5.1507617559606224e-11,0.1469567230179225,21.76781842715709,2.3929e-09,9.423490870201029
TG01.83A,1.37114e-08,1.0819e-08,9.449867723941664e-12,3.4390841804178013e-10,0.1502728485967117,21.094855375818668,2.8924e-09,9.6393343908358
TG01.83B,1.5272800000000003e-08,1.2241333333333333e-08,2.170714168194499e-11,2.6510626800084126e-10,0.1454557398612074,19.848794370820475,3.03146666666667e-09,9.325863208886476
TG02.2B,2.0200666666666667e-09,1.6247285714285714e-09,8.142420545104098e-10,6.508296536692519e-11,0.2882120371459969,19.570546940930758,3.953380952380952e-10,18.87365258741767
TG02.2A,3.1845e-09,1.18776e-09,1.2445079348883398e-11,1.6179368934541295e-09,0.1891936909161853,62.70183702308055,1.9967400000000003e-09,12.190239547472917
TG02.4B,1.8502500000000003e-08,1.0904e-08,1.0111626970967514e-10,7.636753236814716e-11,0.1229584458030005,41.067423321172825,7.598500000000003e-09,7.867466628986941
TG02.3A,1.766e-08,1.2908e-08,0.0,1.4572077408523466e-09,0.1220857811770033,26.908267270668183,4.752000000000002e-09,7.811068670256191
TG02.6A,1.262e-08,7.53775e-09,2.687005768508886e-11,8.251936136446997e-11,0.1284562329467826,40.27139461172741,5.082249999999999e-09,8.223057177512548
TG02.5B,1.0646e-08,8.178933333333332e-09,8.544003745317587e-12,1.0782811939996632e-10,0.1692387598017168,23.173648944830617,2.4670666666666674e-09,10.878129172026414
TG02.5A,1.0038500000000001e-08,6.78862e-09,3.535533905933822e-12,1.4709776721622942e-09,0.1375319450571532,32.374159485978986,3.2498800000000004e-09,8.811180333952459
TG02.7A,9.608400000000001e-09,6.4638e-09,2.8001428534985928e-11,1.463618071765992e-09,0.1453859266911276,32.72761333832897,3.144600000000001e-09,9.321323435694287
TG02.8A,6.5002500000000006e-09,2.3646e-09,1.124299782086663e-11,7.863027406794378e-11,0.1536762406381007,63.62293757932388,4.135650000000001e-09,9.86108354953762
TG02.10B,2.1184666666666667e-09,1.2681333333333331e-09,8.504900548116534e-13,1.7036529380520304e-11,0.2661045332874021,40.13909431349719,8.503333333333333e-10,17.352268167090795
TG02.9A,2.7255999999999998e-09,5.7168e-10,9.899494936610316e-13,1.4964996799197788e-09,0.2594431933089571,79.02553566187261,2.15392e-09,16.897507012812817
TG02.12B,-1.2342e-09,-1.5926333333333332e-09,2.3653963727037333e-11,7.145112548682015e-11,3.013601841776876,29.041754442823976,3.5843333333333347e-10,-8.192935008780585
TG02.12A,-1.5244e-09,-4.5534e-09,8.626702730475894e-12,6.123544725075537e-11,3.021863066902982,198.7011283127788,3.0289999999999994e-09,-7.658854247576895
TG02.11B,-1.4652999999999999e-09,-6.0571e-09,3.3941125496953724e-12,1.0762165209659307e-10,3.0289316503735595,313.3692759161947,4.5918e-09,-7.202721557518046
TG02.11A,-5.4565e-10,-2.1281116666666667e-09,1.513208511739179e-12,1.4720106325487824e-09,2.765910532098013,290.0140505207856,1.5824616666666664e-09,-25.10921317956717
TG02.13A,-1.5813e-09,-2.7555000000000003e-09,9.574225817265844e-11,1.507118530507803e-09,3.0378328295587305,74.25535951432369,1.1742000000000003e-09,-6.629363447690397
TG02.13B,-1.3353e-09,-1.5696e-09,1.2165525060596336e-11,1.0728546033829574e-10,3.049788334934892,17.546618737362397,2.3430000000000006e-10,-5.860919042789977
TG02.14A,-3.5553e-10,-3.30075e-09,2.156675682618968e-11,4.3345645686735346e-11,2.560572545600881,828.4026664416505,2.94522e-09,-41.80219918426281
TG02.14B,-1.750333333333333e-10,-5.9399e-10,6.62136944546469e-12,6.894527394970587e-11,2.1544344286618005,239.35821748238436,4.189566666666667e-10,-96.40194410405182
TG02.16A,8.019299999999998e-10,-9.831398e-10,1.0707010880726704e-10,1.477788388877176e-09,0.6161012259539983,222.59671043607293,1.7850697999999999e-09,45.07519243903055
TG02.17A,-8.90255e-10,-4.1019e-09,1.0772771811377047e-10,6.844793641885773e-11,2.805965838431283,360.7556261969884,3.2116449999999994e-09,-22.20682848658447
TG02.15A,2.07465e-09,-1.6373e-09,1.0253048327204867e-11,5.982123368838192e-11,0.2937389131106456,178.9193357915793,3.71195e-09,19.257061700379595
TG02.18A,-2.5367e-09,-3.62252e-09,5.218448045156728e-11,1.468470133165806e-09,3.0919380363705544,42.80443095360113,1.0858199999999999e-09,-3.1637116677377226
TG02.18B,-2.422666666666666e-09,-2.4104e-09,2.0241129744491188e-11,2.2637329789531287e-10,1.021541211192281,-0.5063291139240523,-1.2266666666666709e-11,104.00910738264584
TG02.19A,-2.2786e-09,-4.95265e-09,5.374011537017655e-12,1.5931115780132918e-10,3.105987936849109,117.35495479680505,2.67405e-09,-2.2676249672484623
TG02.21B,1.0840333333333335e-09,4.3740666666666665e-10,2.175231788415499e-11,6.673494536847494e-11,0.3881612256435389,59.65007226100059,6.466266666666668e-10,26.03183265767547
TG02.20B,9.287533333333331e-10,2.162e-10,6.705388380499152e-12,4.724171779264594e-11,0.463617626971427,76.72148327866027,7.125533333333333e-10,31.82860276005499
TG02.21A,1.2786e-09,-4.60008e-10,1.781909088590098e-11,1.435645262284524e-09,0.3537782393792505,135.97747536367905,1.738608e-09,23.511393308397185
TG02.22B,3.817766666666667e-09,2.6992166666666672e-09,7.990809304027544e-11,3.4337234406204915e-11,0.1945460339556346,29.29854277806396,1.11855e-09,12.543839685192165
TG02.22A,2.33115e-09,3.8832e-10,3.535533905935285e-13,1.4561700096485986e-09,0.2398955056866206,83.34212727623705,1.94283e-09,15.57209864105746
TG02.23A,3.7605e-09,1.78895e-10,6.222539674441188e-12,3.260469368051172e-11,0.1684242728174527,95.242786863449,3.581605e-09,10.824770781283982
TG02.24A,5.77925e-09,1.23815e-09,8.131727983645159e-12,5.833630944789001e-11,0.1829105056090057,78.57593978457412,4.5411e-09,11.776065977512694
TG02.25A,5.7601e-09,1.34485e-09,3.662813126546241e-11,8.18122545832835e-11,0.1713913325458431,76.65231506397458,4.41525e-09,11.019219484424989
TG02.24B,6.5111666666666675e-09,4.7733e-09,1.3715805967326286e-11,8.637918730805464e-11,0.1840158808019354,26.690557247805057,1.737866666666667e-09,11.848859115003885
TG02.27A,2.53475e-08,1.78785e-08,1.7677669529663847e-11,3.181980515339329e-11,0.114493598930828,29.466416806391173,7.469000000000002e-09,7.3209062734600545
TG02.26A,2.9414e-08,2.13665e-08,4.242640687119416e-12,9.97020561473028e-11,0.1102175422634419,27.359420684028013,8.0475e-09,7.045218014160634
TG02.29A,3.1531999999999994e-08,2.2605e-08,2.9698484809838256e-11,3.2526911934580635e-11,0.1224348470274022,28.310922237726743,8.926999999999995e-09,7.833626399595698
TG02.28A,2.8259000000000002e-08,2.0504e-08,7.071067811867644e-12,7.91959594928942e-11,0.1151917306316257,27.44258466329312,7.755000000000002e-09,7.365942083093281
TG02.30A,2.38275e-08,1.6617000000000002e-08,1.9091883092038545e-11,3.9597979746448277e-11,0.1184205897478152,30.261252754170588,7.210499999999997e-09,7.57432806927746
TG02.32B,5.5363e-09,4.1138e-09,6.496922348311939e-12,4.096705993844327e-11,0.1787217154042193,25.694055596698167,1.4225000000000006e-09,11.500486729975435
TG02.34A,6.5193e-09,2.16045e-09,5.755849198858449e-11,3.896158364337873e-11,0.1663298777150596,66.86070590400809,4.35885e-09,10.687631160905548
TG02.35A,6.35745e-09,2.05295e-09,7.000357133746628e-12,6.554879861599287e-11,0.150185582134112,67.70796467136981,4.3045e-09,9.633651542058658
TG02.32A,6.89045e-09,2.5047000000000003e-09,2.4395183950936357e-11,2.0223253941935463e-11,0.1597848930200809,63.649689062397954,4.38575e-09,10.259685266770331
TG02.33A,6.60345e-09,1.75495e-09,1.2042028483606938e-10,2.595081886954636e-11,0.1530653753999027,73.42374062043326,4.8485e-09,9.821265352624664
TG02.36B,3.1269e-09,2.17968e-09,1.0053357648069814e-11,1.05179475184087e-10,0.2176425577236928,30.292622085771846,9.4722e-10,14.078553005043425
TG02.37A,3.78655e-09,5.151999999999999e-12,4.949747468304426e-13,3.964747722112972e-11,0.2028072590817411,99.86393946996606,3.7813979999999996e-09,13.091087427834356
TG02.38A,6.82825e-09,-2.2932e-09,7.152385091701921e-10,7.226631303726509e-11,0.4361577800733829,133.58400761542123,9.12145e-09,29.67254147690478
TG02.39A,1.20805e-08,8.1269e-09,7.778174593051483e-12,4.9921738751769777e-11,0.0670206432765822,32.72712222176234,3.9536e-09,4.2730664557677045
TG02.39B,2.031933333333333e-09,1.027756e-09,4.704312737619952e-10,6.889344439059487e-11,0.3082251459021986,49.419797237442175,1.0041773333333334e-09,20.268168329990637
TG02.41A,2.2047e-09,-1.31605e-09,1.414213562372944e-12,3.8113055505954907e-11,0.2301216618754523,159.69292874313967,3.5207500000000003e-09,14.914199490410937
TG02.40A,2.8007500000000003e-09,-8.3943e-10,1.3788582233137664e-11,4.696410437770529e-11,0.2755002224273049,129.97161474605016,3.64018e-09,17.996523860460954
TG02.40B,1.867733333333333e-09,7.46212e-10,1.2438494013880178e-10,6.72244086415046e-10,0.2999057431343589,60.04718732153056,1.1215213333333336e-09,19.68638270555124
TG02.41B,2.243033333333333e-09,1.45282e-09,1.7124349136050203e-11,4.4592398455342105e-11,0.2326523892908441,35.229674102034444,7.902133333333331e-10,15.084254084064527
TG02.42A,2.3233e-09,-1.16245e-09,1.0182337649086483e-11,6.215468606629759e-11,0.235444916094035,150.03443377953772,3.48575e-09,15.272137456627611
TG02.42B,2.636e-09,1.7873e-09,3.074491827928654e-11,6.539468632847783e-11,0.2645337369606072,32.19650986342944,8.487e-10,17.244884680435327
TG02.43A,3.1282e-09,-3.5575e-09,7.283199846221449e-11,5.228347540093334e-10,0.2136283004441059,213.72354708778207,6.6857e-09,13.810735744259569
TG02.43B,2.7334e-09,1.92822e-09,2.6590787878511697e-11,5.654959769971831e-11,0.2378301994050939,29.45708641252652,8.051799999999998e-10,15.432820513407728
TG02.45A,1.9477000000000003e-08,1.29145e-08,3.1112698372207097e-11,3.0405591591021507e-11,0.12618730491919,33.69358730810701,6.562500000000003e-09,8.076245561993202
TG02.45B,2.1319e-08,1.7183000000000002e-08,6.000000000000186e-12,4.4392191505562986e-11,0.1455022819745939,19.40053473427457,4.135999999999995e-09,9.32888977593228
TG02.47A,1.3826000000000001e-08,1.19065e-08,4.5902069670114546e-11,1.8991664838379348e-10,0.1185660338521481,13.883263416751054,1.919500000000001e-09,7.583718561379659
TG02.46A,1.1045e-08,6.8694e-09,1.2727922061356495e-11,4.8931789258109766e-11,0.1066396172968535,37.8053417836125,4.1756e-09,6.814740923946736
TG02.47B,1.5392e-08,1.293925e-08,6.928203230275963e-12,5.518076355639403e-11,0.1227548240569345,15.935226091476093,2.45275e-09,7.854306020418886
TG02.48A,1.87915e-08,1.29775e-08,3.3234018715767976e-11,3.0405591591020925e-11,0.1088212788618464,30.93952052789825,5.814e-09,6.955254348407448
TG02.49A,1.531e-08,9.97335e-09,2.828427124744718e-12,5.4659354185720805e-11,0.1123119373658351,34.85728282168517,5.336649999999999e-09,7.180215763677792
TG02.49B,1.7540666666666665e-08,1.4821666666666668e-08,8.621678104253617e-12,9.835818894903119e-11,0.121765804147471,15.501121204059126,2.7189999999999973e-09,7.790392449189536
TG02.51A,1.40255e-08,8.4633e-09,6.363961030679125e-12,8.343860018002651e-12,0.1324704902263696,39.657766211543255,5.5622e-09,8.483012669000102
TG02.51B,1.4547666666666668e-08,1.1442333333333332e-08,1.5631165450257555e-11,5.0003333222229245e-11,0.1542871058762987,21.34592030795317,3.105333333333334e-09,9.900909282481347
TG02.50A,1.5626499999999998e-08,9.8357e-09,3.1819805153396797e-11,6.915504320004509e-11,0.1327322896141687,37.05756247400249,5.790799999999998e-09,8.499975857638345
TG02.50B,1.5205666666666665e-08,1.1981e-08,4.725815626253445e-12,4.1677331968348745e-11,0.1525417766243044,21.207006159984207,3.2246666666666653e-09,9.787141443480335
TG02.53A,1.2293e-08,6.9667e-09,1.6970562748477665e-11,5.6285699782448894e-11,0.1464331242423242,43.32791019279264,5.3263e-09,9.389429805004532
TG02.52A,1.33285e-08,7.71935e-09,2.6162950903903262e-11,4.900249993622844e-11,0.1354375499547599,42.0838804066474,5.609149999999999e-09,8.67533202958261
TG02.54A,2.1156e-08,1.47815e-08,3.1112698372209436e-11,2.899137802864857e-11,0.105854219133456,30.13093212327472,6.3745e-09,6.764172225940563
TG02.55A,2.17775e-08,1.51665e-08,7.778174593051483e-12,7.848885271170687e-11,0.1167625269584206,30.357019859947204,6.611000000000002e-09,7.467299328216334
TG02.56A,2.0869e-08,1.39695e-08,4.242640687119416e-12,3.181980515339504e-11,0.1288925652597812,33.06099956873831,6.899499999999998e-09,8.251299999899762
TG02.57A,2.2515e-08,1.5327e-08,7.071067811864135e-12,9.050966799187775e-11,0.125576439680992,31.92538307794804,7.188000000000001e-09,8.036733859890473
TG02.57B,2.2695666666666664e-08,1.7928666666666672e-08,4.041451884329712e-12,8.37635561168047e-11,0.1495165392541809,21.00400957598365,4.7669999999999965e-09,9.590088014226012
TG02.58A,1.9332e-08,1.2865e-08,7.636753236814834e-11,6.36396103067889e-11,0.1247910415175945,33.452307055659006,6.4669999999999985e-09,7.985942049443056
TG02.59A,2.016e-08,1.3958e-08,1.1313708498983551e-11,5.2325901807805355e-11,0.1060287520586555,30.76388888888889,6.202e-09,6.775408982804096
TG02.60A,1.72615e-08,1.1017e-08,6.576093065034861e-11,1.5556349186103548e-11,0.1232202451907996,36.17588274483678,6.2445e-09,7.884388384858912
TG02.62A,5.97585e-09,1.8636e-09,9.121677477306336e-12,5.628569978244912e-11,0.1514945790731078,68.8144782750571,4.11225e-09,9.71891008486887
TG02.63A,1.0362500000000001e-08,4.59645e-09,1.0606601717797956e-11,9.058037866999674e-11,0.1514073126105081,55.64342581423403,5.766050000000001e-09,9.713225125130007
TG02.65A,6.42865e-09,2.01325e-09,5.720493859799199e-11,2.001112190757929e-11,0.1754055898254301,68.68316053914897,4.4154e-09,11.28261590702306
TG02.66A,7.08455e-09,2.4976e-09,9.736860376938734e-11,4.285067093990491e-11,0.1685115392800525,64.7458201297189,4.58695e-09,10.83048704353985
TG02.67A,9.29294e-09,5.6331e-09,7.708263747433659e-11,1.768747657242265e-09,0.171426239130883,39.38301549348214,3.6598399999999996e-09,11.021508298195393
TG02.68A,8.32735e-09,3.61365e-09,2.55265548008343e-11,2.6516504294495624e-11,0.154199839413699,56.605042420457885,4.7136999999999996e-09,9.89521942946351
TG02.69A,9.715300000000001e-09,4.8309e-09,1.1313708498970685e-12,4.9638896039295356e-11,0.1475675882561205,50.27533889843855,4.884400000000001e-09,9.463235454609595
