sample,MgO,Al2O3,SiO2,S,Cl,K2O,V,Cr,Co,Ni,Cu,Zn,Ga,As,Se,Rb,Sr,Y,Zr,Nb,Mo,Rh,Pd,Cd,Sn,Sb,Ba,La,Ce,Hf,Ta,W,Hg,Tl,Pb,Bi,Th,U,section,Ti,Fe,Mn,Ca,P
TG01.10A,0.3559972526668453,0.7210091619675904,1.7920937638654832,0.0943666666666666,0.3331,0.10737102304237274,,0.0014186946186534697,,0.0010084190516895441,0.0052681358249712625,0.0006557278764741296,,0.0006,0.00045,0.0003022646952014487,0.1413661613563553,,0.005311176578537125,0.0005499999999999,,,,,0.0067,0.0036,,,0.0263,,,,,,0.002,,,,TG01,0.027419108586463584,0.12785321802668848,0.02915183549157468,38.297889978417615,0.017566026259307865
TG01.10B,0.5094633441866634,0.3163161592134106,0.7700357687737012,0.0403,0.1962,0.02502410118435767,,0.000913138129929389,,0.0010488709602656013,0.0013743115685332537,0.00038166242613014875,,,0.0005,4.0732186684604545e-05,0.15422190390098928,0.0003845361983121659,,,,,,,,,,,,,,0.0033,,,0.0022,,0.0012,,TG01,,0.06684984224445387,0.023049396799548424,37.89430508286884,0.014516583147843286
TG01.11A,0.9816378394232077,0.42439482256696837,1.4807759822477244,0.07535,0.2914,0.03259871948929992,,0.0010431383698870098,,0.0010657259221722852,0.001615521920702047,0.00018590139017016222,,,0.0004,0.00011205923446193865,0.06809545384786746,,,0.0005,,,,,0.0046,0.00375,0.007,,0.0206,,,,,,,,0.00145,,TG01,,0.11058117789557387,0.03925344517109376,39.22376727434576,0.015431416081282661
TG01.13A,0.3720741029539503,0.347957675459435,2.243057416111273,0.1167,0.4000666666666666,0.0471708423235697,,0.0015679541534196076,,0.0010151610364522135,0.002339152977208219,0.00039471316186076225,,,0.00045,0.00013583491705435958,0.12527892068574764,,,,,,,0.0013,0.0053,,,,0.0225,,,,,,0.0016,,,,TG01,,0.08569206784203348,0.03409895812054734,38.65057568037806,0.014376378866856396
TG01.13B,0.38991161368542454,0.104735907183393,0.6692881012259697,0.0378999999999999,0.2163333333333333,0.03573677564420459,,0.001389805676440665,,0.0010084190516895441,0.001339852946794899,0.0006296264050127461,,,0.00035,1.6956504092112336e-05,0.11920229920973217,,,,,,,,,,0.01215,,0.0256,,,,,,,,0.0012,,TG01,,0.09297505575031773,0.030988491796941735,38.48148450383885,0.012827121561951385
TG01.15B,1.081389355746791,2.292338798939958,8.44747499055706,0.0794,0.2144666666666666,0.31246283105142825,,0.0012742499075894466,,0.0011769686707564426,0.0015810632989635889,0.0009689455340101082,,,0.0004,0.0014672731422312865,0.10729493111511217,0.00042217017299571024,0.017350151179786763,,,,,,0.0063,,0.0121,,0.0205,,,,,,,,,,TG01,0.039056611290458135,0.6186865132033545,0.01887248487927804,34.22863520512572,0.013184642478467927
TG01.16A,0.6863952872027417,5.601285185936124,21.164588310633167,0.0660333333333333,0.0764333333333333,0.9357096391042721,,0.001534250387504688,,0.0010353869907402421,0.004923549607587406,0.0020652073353860326,0.0007999999999999,0.0008,0.0006,0.0041539252751774895,0.08344506994624187,0.0006605186793248116,0.04960769078122046,,,,,,,,0.0116,0.0216,,,,,,,,,,0.0013,TG01,0.12572074127550847,1.8782425229195718,0.02559701683602542,25.549308838618945,0.00458310983992295
TG01.18A,1.0256543505324278,0.9070373971045932,3.424144304883557,0.0920666666666666,0.1932666666666666,0.13413467438650198,,0.0012983240261001073,,0.001143258746943075,0.0010469546620186258,0.000420814633322146,,,0.00035,0.0005400215211259432,0.11572492622634757,0.0004974381223627988,0.00387110784633049,0.0005,,,,,0.00435,,0.0109,0.0192,0.0211,,,,,,,,0.0012,,TG01,0.021666479408920823,0.25904722498004873,0.01878361441288931,36.21968380887498,0.01480400192386637
TG01.18B,0.9497034998223941,0.8627074338406663,3.0085899115686217,0.04626,0.20464,0.1408941194833885,,0.0012020275520574352,,0.0010677485176011081,0.0011244865609300015,0.000420814633322146,,,0.0004333333333333,0.00034030578734940784,0.12240569735200164,0.0003845361983121659,0.004619943587078176,0.0006,,,,0.0017,0.00505,,0.0096,,0.027,,0.0054,,,,,,0.0012,,TG01,0.02578809494991894,0.18201459415930568,0.016621099730763544,37.220236167482874,0.015319953677898096
TG01.19A,0.843382699611297,0.7701629639346846,2.751509352637687,0.0842333333333333,0.2474333333333333,0.11025659192044594,,0.001389805676440665,,0.001055612945028291,0.0013570822576641282,0.0006165756692820543,,,0.0003,0.0002309376474241146,0.09868931110572597,0.0005350720970463432,0.003410285852024408,,,,,,,,0.008,,,,,,,,,,,,TG01,0.019021592430740242,0.1667069562713429,0.03386197021017744,37.82185707470936,0.0155891458973929
TG01.1A,0.5451672289355851,0.5471997261859715,1.209545816488486,0.1110666666666666,0.4112666666666666,0.13525283232675533,,0.0014042501475470671,,0.0010286450059775727,0.0015466046772252343,0.0006296264050127461,,,0.0006,0.00013583491705435958,0.19682850419235828,,,0.0007,,,,,,,,,,,,,,,,,0.0015,,TG01,,0.1135545078214331,0.02097575258381138,38.18688093365712,0.017923547175824422
TG01.21A,0.6710400190649677,0.7091087678071365,2.205216468833834,0.1097,0.2356,0.10701032693261354,,0.001433139089759872,,0.0010893228688416585,0.0008574322424574165,0.0008645396481647299,0.0004,,0.0005,0.0002784890126090278,0.14990153140648116,0.00042217017299571024,0.002373436364835464,,,,,,,,0.0126,0.0233,,,,,,,,,,0.0009,TG01,0.016134257479559825,0.1711836552608388,0.01629524135400483,37.98658349933383,0.019234457203051728
TG01.22B,0.7376564830912493,0.4754391553789509,0.8728979479271559,0.0559,0.1918666666666666,0.043058906672315336,,0.000956471543248596,,0.0010825808840789891,0.001339852946794899,0.0006296264050127461,,,0.0005,4.0732186684604545e-05,0.12875629366913227,,,,,,,,0.0053,0.0033,0.007,,,,,0.0029,,,,,,,TG01,,0.11188409775072566,0.02023516536390523,38.49743131398401,0.017608087543603945
TG01.23A,0.7599245082196187,0.7055864103382393,2.3353029849109883,0.0813,0.2374,0.09590088675203161,,0.0010720273120998142,,0.001096064853604328,0.001253706392448961,0.0005774234620901351,,,0.0003,0.00025471333001660687,0.138433225557238,,0.003755902347754057,0.0008,,,,,,,,,,,,,,,,,,,TG01,0.015340791386105652,0.1408824165782063,0.02079801165103392,38.29385172369335,0.019069717172892155
TG01.23B,0.492903033859506,0.7050491015717976,1.7461207573710311,0.05814,0.2098399999999999,0.11336579238656992,,0.0012020275520574352,,0.001023251418167425,0.0012847191520135109,0.00032684933606135256,,,0.0004,0.00048295988290407595,0.12957119319655175,,0.006175217817861591,,,,0.0013,,,0.0031,0.007575,,,,,0.0029,,,,,,,TG01,0.026052583647736927,0.29919720143957207,0.02223771320653128,37.49426697785234,0.015000287917248013
TG01.24A,0.7410046242641475,0.6241542817352642,2.9497007633492056,0.09415,0.2340999999999999,0.09925536057279165,,0.0009998049565678028,,0.0010657259221722852,0.0013053943250565445,0.00022505359736215948,,,0.0004,0.0002903768539052739,0.1100873669957089,,0.005656793074267119,0.0006,,,,,,0.0037,,,,,,,,,,,,,TG01,0.01944036620228548,0.25523869001883587,0.020087047919923978,38.00897433297516,0.019563937263370895
TG01.25B,0.9192498467920085,0.656213704799632,2.802213578849947,0.0673666666666666,0.2037333333333333,0.09175288148980128,,0.0009998049565678028,,0.0011028068383670177,0.0009952667294110423,0.0006557278764741296,,0.0005,0.0006,0.00044491879075611693,0.11077230409849677,0.00040335318565393804,0.0016822033733761683,,,,,0.0018,0.0033,0.0032,,,,,,,,0.0014,,,0.0012,,TG01,,0.21474794990488816,0.021064623050200112,37.464016153951974,0.015813472746971893
TG01.26B,0.6150452442768448,0.35754963195665745,1.0042619814327676,0.0884666666666666,0.1480333333333333,0.04201288795401388,,0.0014427687371641306,,0.0010893228688416585,0.0008918908641958746,0.00026420580455407847,,,0.00035,5.068662795866205e-06,0.11266905299852473,0.00042217017299571024,,,,,,,0.0034,,,,,,,,,,,,,,TG01,,0.08692817129435693,0.01706545206270711,35.30164244551817,0.013724428960267415
TG01.27A,1.0783587107195989,0.8573462863710571,1.19749750556837,0.08745,0.3092499999999999,0.09460238075689868,,0.0020109179340159645,,0.001096064853604328,0.005853932394523913,0.0003033580117461541,,,0.0003,0.00021904980612793981,0.11161530360962031,,,,,,,,0.0038,,0.0071,,,,,,,,,,,,TG01,0.020994237301966635,0.20873447365034148,0.018087462426177613,38.14857765799594,0.017587056901455917
TG01.27B,0.5318035275299657,0.43305146380408843,1.1158024686347154,0.0417333333333333,0.1258333333333333,0.08107627664093024,,0.0008553602455037797,,0.001055612945028291,0.0013743115685332537,0.0006035249335514406,,,0.0004,0.0003498160603863619,0.10792718074845482,,,,,,,,,,,0.0228,,,,,,,,,,0.0012,TG01,0.02400279623964704,0.20749837019801795,0.01946495465520295,35.566723796056166,0.01758705690145589
TG01.28B,0.413233148751818,0.35468398520230016,2.539463485676164,0.0227,0.2203666666666666,0.036151576170427566,,0.0016353616852495042,,0.0010387579831215871,0.0009125660372389082,0.000420814633322146,,0.0005,0.0005,1.6956504092112336e-05,0.09068081575005231,,,0.0007,,,,,0.0057,0.0036,0.0079,0.0177,0.0194,,,,,,0.0021,,,,TG01,,0.1783497144641736,0.031195856218515502,38.591548425153256,0.017026239777508393
TG01.29A,0.2289987943845056,0.24803814522592094,2.4175707020711923,0.04975,0.2385,0.028432679421581685,,0.0016353616852495042,,0.0011365167621804056,0.0013053943250565445,0.00018590139017016222,,,0.0005,7.63957105732716e-05,0.08975000378985344,,,,,,0.0014,,0.0061,,,0.0231,,,,,,,,,,,TG01,,0.21389604076882743,0.03257334844754084,38.598112737088,0.012897223702444819
TG01.29B,0.30164768517919854,0.27436627478157505,2.338518804644693,0.1090666666666666,0.3396999999999999,0.023400968690441486,,0.001346472263121458,,0.0010016770669268745,0.001167559838102919,0.00018590139017016222,,,0.0006,-3.059486109272951e-05,0.09268293958897073,,,,,,0.0011,0.0012,0.00615,,0.007,,0.0269,,,,,,,,,,TG01,,0.1980772573992281,0.03178832599444032,38.77137964085273,0.012806090919803356
TG01.2A,0.4769632841807739,0.4977673196733151,0.8880519477681794,0.0938,0.3424999999999999,0.10091456267768385,,0.0015679541534196076,,0.00106909691455363,0.0013743115685332537,0.00010759697578616758,,,0.0004333333333333,0.00018338628223927276,0.17975776409210656,,,,,,,,,,,,,,,,,,,,,,TG01,,0.11362132422426144,0.02032403583029396,38.06772664319747,0.013437010184244307
TG01.30A,0.9764424479480212,0.746362175613776,6.919828460071615,0.1129,0.21275,0.11164527194301872,,0.0010286938987806072,,0.0011769686707564426,0.026425729572342238,0.0003033580117461541,,,,0.00043303094945994214,0.1100873669957089,0.0005915230590716596,,,,,0.0012,0.0013,,,,,,,,,,,,,0.0009,,TG01,0.02033301555742149,0.21409648997731226,0.01915390802284239,35.460595025090086,0.014085454983808638
TG01.32A,0.757456697268905,0.2441575819127294,1.962488157426752,0.105,0.3778,0.0732852406701326,,0.0009709160143549981,,0.0010151610364522135,0.002649280572853722,,,,0.0004,-3.059486109272951e-05,0.09486068832603992,0.00042217017299571024,,,,,,,,,,,,,,,,,,,,,TG01,,0.2652611504430803,0.032084560882402816,38.39391452054171,0.016745831215534645
TG01.32B,0.7556383102525897,0.6857059859798887,3.3722506658930764,0.0400666666666666,0.1753666666666666,0.08774915467147464,,0.0016257320378452167,,0.0010758388993162993,0.0008918908641958746,0.00015979991870877845,,,0.0004,0.0003498160603863619,0.1022018090687407,0.00040335318565393804,,,,,,,0.0082,0.0032,0.0093,0.01805,,,,0.0032,,,0.0022,,0.0011,,TG01,,0.332144369674205,0.03480992185165719,36.95653641558245,0.015974707670106808
TG01.34A,0.8212734225557807,1.0174045977967,2.6674134639850338,0.0968,0.5309,0.13301651644624868,,,,0.0010758388993162993,0.012366611903079463,0.0005774234620901351,,,0.0004,0.00011205923446193865,0.0842178194981052,0.0003845361983121659,0.003410285852024408,,,,,,,,,,,,,,,,,,,,TG01,0.027639515834645342,1.4278665596554396,0.04079386658849849,38.78674219286757,0.02208761432113471
TG01.35A,0.5805969124677604,1.5726236564533493,4.886020713965957,0.0341666666666666,0.1652666666666666,0.20894304755055068,,0.0010961014306104754,,0.0011095488231296872,0.006818773803198775,0.0013604676059300813,,,0.0005,0.0008253297122352796,0.08063507157583015,0.00042217017299571024,0.006520834313590894,,,,,,0.0049499999999999,0.0029,,,,,,,,,,,,,TG01,0.036367642862641256,1.6863458139967042,0.031640208550459153,35.67364303390444,0.012434549575188138
TG01.36A,1.5386703954211336,0.7310787262572062,3.7481932084607794,0.0713,0.2941,0.10466580221917911,,,,0.001096064853604328,0.0010986425946262095,0.0003425102189381514,,,,0.00011205923446193865,0.09749506179830099,,,,,,,,,,,,0.0272,,,,,,,,,,TG01,0.024333407111919617,0.7771082043092454,0.03795001166405909,37.58186445564973,0.018449313229525213
TG01.38A,1.1293601370343476,1.0982397166591842,3.9108784451261793,0.1095,0.2574,0.18246795309422878,,,,0.0011365167621803852,0.0009952667294110423,0.0007340322908581244,,,,0.000326040377793941,0.10413368294839888,,0.0020278198691058157,,,,,,,,0.0092,,,,,,,,,,,,TG01,0.01917587750446749,0.24451465736489428,0.01839850905853817,37.40545286841888,0.0216880321203221
TG01.38B,0.80984356131037,3.2793949032184457,14.609117757312053,0.0569999999999999,0.0832333333333333,0.4874004442846184,,0.0012598054364830443,,0.0011162908078923566,0.0012709357033180864,0.0008645396481647299,,,0.0004,0.001538600190008549,0.10135880955761714,0.0005476167552741787,0.015967685196868173,,,,,0.0012,,,0.0116,,,,,,,,,,,,TG01,0.06193488365172014,0.9290152961393776,0.026663462432690195,32.01629024248703,0.013163611836319894
TG01.3B,0.13340359124107165,0.28133138842063665,1.5260617724703152,0.0199666666666666,0.1405333333333333,0.045728057884533144,,0.0009998049565678028,,,0.0013053943250565445,6.844476859409199e-05,,,0.0004,1.6956504092112336e-05,0.21347774453704824,,,,,,,,,,0.009,,,,,,,,,,0.0013,,TG01,,0.113521099620019,0.018220768125760706,22.20412172941814,0.008670064630690458
TG01.40B,0.64555373755058,0.7947995658922812,2.1218254173830893,0.0527666666666666,0.2226333333333333,0.06188724360174323,,0.000932397424737906,,0.0010758388993162993,0.0008574322424574165,0.00022505359736215948,,0.0005,0.0003,0.00020716196483169368,0.12798354411726906,,,0.0006,,,,,0.0051,,0.00935,,0.0221,,,,,0.0013,,,,,TG01,,0.1388779244933575,0.018546626502519332,37.41693182227336,0.014719879355274247
TG01.41A,1.1740405037209525,0.41048449561352796,1.0535124809160923,0.1172,0.4183,0.06874046968716725,,0.0008842491877165844,,0.0009747091278761563,0.005337053068448076,0.000420814633322146,,,,-3.059486109272951e-05,0.12320654688756902,,,,,,,,,,,,,,,,,,,,,,TG01,,0.1444905023309344,0.01946495465520295,37.521342186973804,0.022508227164095344
TG01.43A,1.087537235659095,2.3741689340365943,7.087932132726683,0.0962,0.2211,0.36858714572995277,,,,,0.001202018459841377,0.001203858777162092,,,,0.0013959460944539524,0.14617828356568552,0.00045980414767925453,0.01550686320256209,,,,,,,0.0037,,0.0168,0.0237,,,,,,,,0.0012,,TG01,0.06096509175972063,0.6377960044122474,0.02026478885270153,35.70134374290659,0.02032104038070004
TG01.43B,0.6727429529373898,0.6159752482905373,1.837379554088074,0.0689333333333333,0.1633666666666666,0.0888673126117281,,0.0014620280319726478,,0.0010825808840789891,0.0010986425946262095,0.00010759697578616758,,0.0006,0.0004,0.000326040377793941,0.1685880205697196,,,0.0007,,,,,0.0042,0.0031,0.0081,,,,,,,,,,,0.0011,TG01,0.01712609009637754,0.19009269726124675,0.01659147624196724,36.87522143109225,0.01513348198418554
TG01.45A,0.7884558664041852,0.4619467352438539,1.0671246493779414,0.0668,0.3651,0.10639714354602305,,0.0010286938987806072,,0.0010556129450282707,0.001202018459841377,0.0005774234620901351,,,,0.00025471333001660687,0.1320580417543662,0.00042217017299571024,,,,,,,,,,,,,,,0.0011,,,,,,TG01,0.020432198819103266,0.21003739350549328,0.024886053104915568,38.37514952412091,0.021456695056693755
TG01.45B,0.6526541059000017,0.23790887996225651,0.5260299399381605,0.0566333333333333,0.1520666666666666,0.034402200038095646,,0.0009420270721421935,,0.0011028068383670177,0.0013053943250565445,0.0003033580117461541,,,0.0004,4.0732186684604545e-05,0.1396801623341082,,,,,,,,0.0034,,,,0.0253,,,,,,,,,,TG01,,0.10810897099092698,0.02171633980371745,36.82226014998515,0.015217604552777668
TG01.46B,1.1484099057766983,0.34847508390119375,0.8867303780146014,0.0857333333333333,0.2005666666666666,0.04569198827355726,,0.0012742499075894466,,0.0010488709602656013,0.0008229736207190619,0.00018590139017016222,,,0.0003,0.0003617039016826079,0.13697553890258682,,,,,,0.0016,0.0017,0.0057,,,,,,,,,,,,,,TG01,,0.17074934864245483,0.01730243997307709,36.616704392489,0.018897966928683216
TG01.47A,0.6345856888807415,0.6723329677928894,1.1509121717547601,0.111,0.4265,0.1088859467033612,,,,0.001096064853604328,0.001202018459841377,0.00018590139017016222,,,,4.0732186684604545e-05,0.13500854004329862,,0.002373436364835464,,,,0.0017,,,,,,,,,,0.0012,,,,,,TG01,0.019374244027831035,0.1679430597236665,0.017243192995484664,38.435465584044955,0.014327307368510999
TG01.48B,0.6414551509423769,0.6820841268875762,1.6335934980864115,0.0694666666666666,0.2853666666666667,0.08785736350440242,,0.0015053614452918834,,0.001055612945028291,0.0015121460554868794,0.00018590139017016222,,,0.0005,0.0003498160603863619,0.18221651266621683,,,0.0007,,,0.0021,,0.0035,,0.0075,,,,,,,,,,0.0012,,TG01,,0.19376759941680297,0.015421348434515668,38.19038648243903,0.015750380820527796
TG01.49A,0.7694926875197541,0.8260032749952783,1.8805508327049423,0.1362,0.4184,0.15206127104153203,,,,0.0010556129450282707,0.002339152977208219,,,,0.0004,0.000326040377793941,0.16166839958258064,,0.004101518843483703,,,,,,,,,,,,,,,,,,,,TG01,0.019043633155558463,0.23068366197943685,0.016532229264374813,38.16615695409347,0.02322326899712842
TG01.49B,0.7879016913134986,0.5688353591813663,1.676156854616634,0.06834,0.1681,0.06770166489106087,,0.0012501757890787568,,0.001071793708458714,0.0007885149989807071,0.00018590139017016222,,,0.00035,0.00024044792046106866,0.16012992547478017,,0.0032374776041595847,,,,0.001,,,,,,,,,,0.0011,,,,0.00155,,TG01,0.019043633155558463,0.16583834303457512,0.01596345827948693,38.10206727401007,0.017002405049740633
TG01.49C,0.9962715254116501,0.880291360730595,2.085746563110421,0.0905,0.2358333333333333,0.11772300139246043,,0.002184251587292792,,0.0010623549297909605,0.0010986425946262095,0.00018590139017016222,,,0.0003,0.0004686944733486091,0.16546189738263656,,0.004792751834943,,,,,,0.0048,,,,,,,,,,,,0.0015,0.0013,TG01,0.024234223850237845,0.2885466668287416,0.016443358797986078,38.139968442605074,0.021253398849262778
TG01.4A,0.32169323728762694,0.3719972676765396,0.7320186121957861,0.1266666666666666,0.3944666666666667,0.08374542785314802,,0.0015294355638025444,,0.0010893228688416585,0.0018911908946090913,0.00010759697578616758,,,,0.00020716196483169368,0.21576086821300786,,,0.0005,,,,,,,0.0095,,,,,,,,,,0.0012,,TG01,,0.11144979113234176,0.021034999561403814,38.41096111069688,0.015967697456057472
TG01.50B,0.6784290202741219,0.7583819717223289,2.7713769512664705,0.0517,0.2492,0.09550412103129653,,0.0011875830809510326,,0.0011162908078923566,0.0011331012163645644,0.0002120028616314676,,,0.0004,0.0002784890126090278,0.16570777224004757,0.0003845361983121659,,,,,,,,,,,,,,,,,,,,,TG01,0.01858077793437686,0.18331083237417461,0.016650723219559755,38.44426382412504,0.02430284196072737
TG01.51A,0.8229186298562565,0.7085117580666452,1.9816509188536275,0.1139,0.2592,0.05910988355659784,,0.0012309164942702396,,0.000994935082164185,0.008645080755333434,0.0004991190477061406,,0.0007,0.0005,,0.17842301486616102,,,,,,,,,,,,,,,,,,,,,,TG01,0.025457484077646367,0.1433880316842675,0.014843690402988913,38.588060060433996,0.0212884499195095
TG01.51B,0.6975076523024462,0.5410704261835971,2.2802816308370417,0.0664333333333333,0.182,0.08136483352873762,,0.0010286938987806072,,0.001025274013596228,0.0010986425946262095,0.00029030727601546223,,,0.0004,0.0002309376474241146,0.1776502653142977,,,,,,,,,,,0.0189,0.0229,,,,,,0.0018,,,,TG01,0.01858077793437686,0.22273251004286954,0.01691733461872595,37.81436482339115,0.019269508273298458
TG01.52A,1.3834147801709733,0.2828438130965477,0.18616625164312595,0.1069,0.2531,0.04190467912108613,,0.0015486948586110904,,0.001096064853604328,0.001202018459841377,0.0004991190477061406,,,,,0.1464944083823569,,0.0027190528605651122,,,,,,,,,,,,,,,,,,,,TG01,,0.07333103331879864,0.013866115272712868,38.6996189951995,0.023538728629348898
TG01.52B,0.6289862114019293,0.6681937002588186,3.404937491131563,0.0862333333333333,0.2332333333333333,0.10037351851304512,,0.000913138129929389,,0.001126403785036371,0.001753356407655569,0.0003425102189381514,,,0.0004,0.000326040377793941,0.1692553951826925,0.00044098716033748244,0.007557683800780184,0.0006,,,,0.0013,0.0044,0.0028,,,0.0288,,,,,,,,0.0019,0.0009,TG01,,0.18441330302084155,0.017983780215390727,37.947506940853124,0.01658459629239973
TG01.53B,0.6437209188912778,0.7332677619723399,3.5718958033335304,0.0326666666666666,0.2374,0.0868834840080527,,0.0013175833209086534,,0.0009848221050201707,0.0011503305272337933,0.0005774234620901351,,,0.0003,0.0003022646952014487,0.10251793388541201,0.0003845361983121659,0.005829601322131945,,,,,,,,0.0069,,,,,,,,,,,,TG01,,0.1664062824586156,0.02032403583029396,38.290500831475356,0.010632924564506749
TG01.54A,1.1624374627597023,2.265035553474836,7.827482566828698,0.1257,0.1925,0.3023633399781719,,0.002155362645079987,,0.0012174205793324998,0.0010986425946262095,0.0008906411196261137,,,,0.0008253297122352796,0.16103614994923796,0.00045980414767925453,0.008940149783698777,,,,,0.0013,,,0.008,,,,,,,,,,,,TG01,0.03478071067573291,0.4155980568067474,0.018753990924093095,35.59731142758461,0.02387521890371741
TG01.54B,0.9508695765757138,1.3310735154506823,3.5902656229082592,0.0939666666666666,0.2369333333333333,0.17207990513316504,,,,0.0010623549297909605,0.0013053943250565445,0.0006557278764741296,,,0.0004,0.0006351242514956982,0.1721707684919947,0.00042217017299571024,0.012050698245265607,,,,,,0.00375,0.0036,0.0077,,,,,,,,,,,,TG01,0.034251733280096786,0.4135935647218985,0.01730243997307709,37.42933871551129,0.016037799596550904
TG01.55B,0.6780537975564696,1.6564836246676549,6.198339479268494,0.1101333333333333,0.2712,0.23036839647024457,,0.0012742499075894466,,0.0010623549297909605,0.0020290253815627166,0.0003164087474767676,,,0.00045,0.0008728810774201215,0.15615377778064737,0.00042217017299571024,0.016082890695444604,,,,,,,,0.0069,,,,,,,,,,0.001,,TG01,0.034295814729733094,0.5042300151584826,0.017835662771409477,36.6680503717064,0.014348338010659005
TG01.56A,0.35533339708946027,1.7918456331616521,5.874995412893179,0.0843,0.1536,0.260919356966845,,,,0.0010556129450282707,0.0013053943250565445,0.0007340322908581244,,,,0.0009679838077899478,0.08948656644262734,0.0006856079957805204,0.0030646693562947605,,,,,,0.0042,,,,,,,,,,,,,,TG01,0.030615013685098495,0.4013661630043203,0.06736613603872921,36.50308337020473,0.01790251653367639
TG01.58A,1.2117070919160553,2.187543689159101,7.097183121001727,0.0983,0.1677,0.3044193078037991,,,,0.0010758388993162993,0.0017188977859172144,0.0016736852634660594,,,0.0004,0.001110637903344616,0.14396540984898623,,0.014124397219643496,,,,,,,,0.0073,,,,,,,,,,,,TG01,0.062221413074356406,0.8466640796535021,0.021064623050200112,35.73825510949259,0.012518672143780269
TG01.5B,0.5114260476328452,0.2910825475153237,1.7579532118980619,0.0270666666666666,0.1158,0.05579147934681357,,0.0008842491877165844,,0.0010758388993162993,0.0015121460554868794,,,,0.0005,0.0002784890126090278,0.10912143005587979,,,,,,0.001,0.0013,0.0037999999999999,,,,,,,,,,,,,,TG01,,0.16012554059275577,0.0224273035348273,36.613027003080525,0.012252284009905192
TG01.60A,0.5343723599815862,1.629021176605068,4.507567188866457,0.0969333333333333,0.2218,0.2333982437922215,,,,0.0011028068383670177,0.0014776874337484214,0.0008384381767034244,,,0.00045,0.0006588999340881191,0.172486893308666,0.0005350720970463432,0.005023162832095867,0.0005499999999999,,,,,,,0.0082,,,,,,,,0.0022,,,,TG01,0.03480275140055105,0.39064213035037854,0.020146294897516497,36.94148317669542,0.013170622050369252
TG01.61B,0.4886817782859169,0.6634574229842566,1.562052522092745,0.0704,0.2292,0.08998547055198146,,0.0016064727430366995,,0.001096064853604328,0.0217738156376597,0.00026420580455407847,,,0.0005,0.0003022646952014487,0.17747464041614702,,,,,,,0.0018,0.0049,0.0031,,,,,,,,,0.003,,,,TG01,0.01547303573501468,0.19119516790791352,0.021538598870939986,38.414432291353485,0.021246388635213442
TG01.62A,0.5872210365986232,0.7377652353507055,2.801420636997801,0.0866,0.1992,0.09893073407400853,,,,0.0008938053107240419,0.0013053943250565445,0.0004991190477061406,,,0.0004,0.0004686944733486091,0.1913841323496855,,,,,,,,,,,,,,,,,,,,,,TG01,0.01653099052628691,0.20482571408488617,0.02444170077297191,38.28843874395658,0.026440957245777278
TG01.62B,0.45851964444386134,0.34369900597726566,0.6586714908722304,0.0483666666666666,0.1479666666666666,0.03923552790886835,,0.0014042501475470671,,0.0010623549297909605,0.0007540563772422491,0.00026420580455407847,,,0.0004,6.450786927702552e-05,0.16957151999936382,,,0.0006,,,,,,,,,,0.0003,,0.0039,,,,,0.0015,0.001,TG01,,0.10105984049254163,0.018724367435296794,38.70779860902396,0.016276146874228594
TG01.64A,0.814952362927637,0.5394385995595882,1.3257558501530742,0.101,0.2538,0.07847926465066445,,0.0011153607254190212,,0.0011365167621803852,0.001202018459841377,0.0004991190477061406,,,0.0005,0.00025471333001660687,0.11951842402640352,,,0.0007,,,,,,0.0029,0.0092,0.0171,0.02,,,0.0038,,,,,,,TG01,,0.1433880316842675,0.026219110100746543,39.129770451615116,0.01706129084775512
TG01.66B,0.4358908282408261,0.34799747610880105,1.5500262373351896,0.0408333333333333,0.1333,0.023364899079465495,,0.0010864717832062168,,0.0010556129450282707,0.0008918908641958746,0.00026420580455415685,,,0.0003,5.068662795937545e-06,0.20852512240919743,,,0.0005,,,,,,,0.0087,,,,,,,,,,0.0012,,TG01,,0.16022576519699824,0.023375255176307043,36.86965379479157,0.021036082213733123
TG01.67A,,0.4116785150945098,1.4885732437938324,0.0763,0.2357,0.07220315234085516,,0.0009998049565678028,,0.001096064853604328,0.0022357771119930515,0.000420814633322146,,,0.0005,0.00011205923446193865,0.2138289943333498,0.0003845361983121659,,,,,,0.0016,0.0034,,,,,,,,,,,,,,TG01,,0.17275384072730382,0.019376084188814216,38.74446939873277,0.018070761670860643
TG01.68B,0.4664628207437021,0.6407891440498549,3.322215234071265,0.0219285714285714,0.1980363636363636,0.06779610169070689,,0.001342345271376747,,0.0010592903912624743,0.001126836012412136,0.0003164087474767676,,0.0005,0.0004166666666666,0.00023526049880455478,0.19620264091894837,0.0004974381223627988,,0.0005,,,,0.0015333333333333,0.0034999999999999,,0.008075,0.0172,,,,,,,,,0.0015,,TG01,,0.16881774717887318,0.02150897538214377,37.842868496775615,0.014237449170242118
TG01.69A,,0.6055872788059936,2.736795876047857,0.0608,0.1779,0.04136363495644739,,0.0014042501475470671,,0.0009342572193000991,0.001202018459841377,0.0004991190477061406,,,,-3.059486109272951e-05,0.19401850582194652,,,,,,,,,,0.0066,,,,,,,,,,,,TG01,,0.15000285556426887,0.02248655051241982,38.36762290467739,0.017797363322936233
TG01.6A,0.5682289944282188,0.38612649820149436,1.5054452843145056,0.1375666666666666,0.4831666666666667,0.09651407013862211,,0.0010286938987806072,,0.0009881930974015155,0.001753356407655569,0.00026420580455407847,,,0.0007,0.00020716196483169368,0.13262004142844852,,,,,,0.0012,0.0018,,,,,,,,,,,,,,,TG01,,0.14616091240164178,0.026396851033524005,38.04390953235567,0.016850984426274807
TG01.6B,0.8477121925072859,0.30517197739091173,1.8433706703042931,0.0498,0.1506666666666666,0.02747683473071986,,0.001433139089759872,,0.001126403785036371,0.0018911908946090913,0.00010759697578616758,,,0.0004,0.0001596105996467805,0.12570042044130944,,,,,,,,,,,,0.0272,,,,,,,,,,TG01,0.015737524432832738,0.13530324694204363,0.016976581596318378,36.53071534295625,0.013429999970194973
TG01.70A,0.6439373935360773,0.4184844261361075,6.5051198713989695,0.0829,0.2089,0.04709870310161794,,,,0.0010556129450282707,0.0018222736511323816,0.001203858777162092,,,,0.000326040377793941,0.15513515337137318,,,,,,,,,,,,,,,,,,,,,,TG01,0.02347381884401093,0.3294048971582449,0.023997348441028254,37.24914663449604,0.015399870118060615
TG01.70B,0.7097889804840678,0.34537063325064066,4.644261553711498,0.0253666666666666,0.2252999999999999,0.037684534636904035,,0.0016064727430366995,,0.0010488709602656013,0.002476987464161741,0.0003425102189381514,,,0.0003,0.00011205923446193865,0.1468105331990282,,,0.0006,,,,,,0.003,,,,,,,,,,,,,TG01,,0.26920331820994975,0.024382453795379396,38.00318330385994,0.016626657576695795
TG01.72A,,0.6157364443943408,2.6429644235438485,0.0963,0.2498,0.060516598384658546,,0.0009709160143549981,,0.0010556129450282707,0.001615521920702047,0.0005774234620901351,,0.0005,0.0005,0.00018338628223927276,0.12594629529872053,,0.002373436364835464,,,,,,,,,,0.0213,,,,,,,,,,TG01,,0.25012723520247115,0.025863628235191616,38.25472361302468,0.016346249014722043
TG01.72B,0.6464773627017244,0.4256485430219997,1.7647372699664272,0.0263666666666666,0.1809666666666666,0.039127319075940595,,0.0016449913326537628,,0.0010353869907402421,0.0010641839728877515,0.0005513219906287516,,,0.00035,0.0002784890126090278,0.12376854656165133,,0.002373436364835464,,,,0.001,,0.0048,,,,,,,,0.001,,,,,,TG01,,0.22072801795802063,0.029625811312314548,38.924042853492395,0.025831068623484353
TG01.73B,0.48236071865777314,0.550264376187159,1.9101980475102,0.0333333333333333,0.2013333333333333,0.04587233632843678,,0.0012983240261001073,,0.0010893228688416585,0.0007885149989807071,0.00010759697578616758,,0.0005,0.00045,0.00011205923446193865,0.11270417797815485,0.0003845361983121659,,,,,,,0.0048,,0.0074333333333333,0.0201,,,,,,,,,,,TG01,,0.17793211194649672,0.026574591966301467,38.36136790587045,0.01353515318093513
TG01.74A,1.0616468681410818,0.7326309515824826,1.696324009056228,0.1163,0.2363,0.09568446908617616,,0.0011153607254190212,,0.0010151610364522135,0.001615521920702047,0.000420814633322146,,0.0006,0.0005,0.00018338628223927276,0.11909692427084174,0.00045980414767925453,,,,,,,0.0057,0.0029,,,,,,,,,,,0.0011,,TG01,0.022019131006011612,0.28099641330914416,0.01715432252909593,38.131204570650304,0.02090989836084493
TG01.74B,0.949224369275238,1.5879867071086513,5.748565239800925,0.0698666666666666,0.1999666666666666,0.19224281766870185,,0.0020831402895479753,,0.0010623549297909605,0.0008918908641958746,0.0005513219906287516,,,,0.00044491879075611693,0.11691917553377255,0.00042217017299571024,0.012857136735301337,0.0005499999999999,,,,,,,0.0073,0.0243,0.0295,,,,,,,,,,TG01,0.04216435348982031,0.6086974609805244,0.01925759023362918,36.635950542664204,0.01619903451968582
TG01.76A,0.22137888688756518,1.5375194837124775,6.3078095071898375,0.0742,0.2275,0.22456118910312214,,0.0011731386098446305,,0.0010758388993162993,0.0013053943250565445,0.0010472499483941027,,,,0.0008966567600126137,0.05513433636434301,0.0003845361983121659,0.00790330029650983,,,,,,,,0.0075,,,,,,,,,,,,TG01,0.03411948893118776,0.28189843474732607,0.05616845727374904,37.165322776858005,0.013359897829701537
TG01.77A,,1.798333139008321,9.603716367962084,0.0191,0.1770333333333333,0.2753111317462352,,0.0016738802748665674,,0.0011500007317057444,0.020050884550740205,0.0013604676059300813,,0.0007,0.00045,0.0008728810774201215,0.05169208836058851,0.00052252743881847,0.019654261151317864,,,,,,0.0033,0.0031,0.0089,,0.0193,,,,0.0012,,0.0019,,,,TG01,0.035860706191823286,0.557449280011221,0.04188993567395948,35.949653448291926,0.019563937263370895
TG01.79A,0.6403006195034466,1.4863358486277136,6.52230027819548,0.1011,0.1913666666666666,0.22448904988117027,,0.0015486948586110904,,0.0010893228688416585,0.0015810632989635889,0.0008906411196260352,,,0.00035,0.0005875728863107851,0.0935610640797244,0.0003845361983121659,0.012741931236724903,,,,,,0.006,0.0036499999999999,0.0085666666666666,,,,,0.0031,,,,,,,TG01,0.034538262702733,0.355797376275422,0.024500947750564342,36.82521580876206,0.01884188521628846
TG01.79B,0.6042792386088194,2.9906013914182563,17.13155389364046,0.0458999999999999,0.1478666666666666,0.4569937622319218,,,,0.0011668556936124282,0.008197118672734307,0.0010472499483941027,,,0.0003666666666666,0.0014434974596387942,0.09693306212421855,0.0006228847046412674,0.024838508587262588,,,,,,0.0042,0.0062,0.0095,,,,,,,,,,,,TG01,0.05336104169745147,0.6579745580663928,0.046985175746913396,33.37159726419921,0.015491002900702077
TG01.7A,0.6382224629133721,0.40013632677835054,0.7920178790082075,0.0758333333333333,0.2825,0.06628773614080498,,0.001307953673504366,,0.001055612945028291,0.0012709357033180864,0.0004991190477061406,,,0.0005499999999999,0.0001596105996467805,0.11129917879294889,,,,,,,,0.0046,,,0.0239,,,,,,0.0019,,,0.0016,,TG01,,0.09908875660910683,0.03086999784175679,38.12646176935712,0.016339238800672687
TG01.81A,0.574145968052737,0.9409873510138492,4.292327528333788,0.0575333333333333,0.1975,0.15004137282688076,,0.0014909169741854813,,0.0010353869907402421,0.0015466046772252343,0.00018590139017016222,,,0.0003,0.0003498160603863619,0.1426657856026707,0.0003845361983121659,0.004792751834943,0.0006,,,,,,,,,,,,,,0.0011,0.0025,,,0.0009,TG01,0.018779144457740402,0.23168590802186123,0.03409895812054734,37.707651794294755,0.020734643009611316
TG01.81B,0.48417910567408845,1.0993143341920686,4.8263298134293695,0.0499333333333333,0.2119666666666666,0.16392817305260812,,0.0011731386098446305,,0.0010556129450282707,0.0011331012163645644,0.0007079308193967406,,0.0006,0.0005499999999999,0.0005400215211259432,0.14544065899345235,0.00042217017299571024,0.006175217817861591,,,,,,,0.0042,,,,,,,,,,,,0.0012,TG01,0.01906567388037661,0.2478220693048948,0.034543310452491,37.58454516942413,0.018070761670860643
TG01.82A,0.6376163339079335,0.4543050105655687,1.9286559717351661,0.1008,0.2176,0.06062480721758627,,0.0017798063963135272,,0.0010556129450282707,0.0021324012467778845,0.0008123367052421189,,,0.0003,0.00011205923446193865,0.13237416657103754,,,,,,,,,,,,0.0286,,,,,,,,,,TG01,,0.11462357026668588,0.0249749235713043,38.45443678921764,0.014811012137915728
TG01.82B,0.4977563953959096,0.5304834534522228,2.794971376600342,0.04096,0.22532,0.07795986225261127,,0.00139462050014278,,0.001039432181597848,0.0009177348304996666,0.00013369844724747307,,,0.000425,0.00018338628223927276,0.1618791494603615,0.00040335318565393804,,0.0006,,,,0.0013,0.00435,,,,0.02,,,,,,,,,0.0011,TG01,,0.16002531598851333,0.03037824792773917,38.3466308537363,0.018827864788189787
TG01.83A,0.5790238633822178,0.5450902917695698,2.2112075850500528,0.0492,0.2619666666666667,0.06751410291398606,,0.001722028511887918,,0.0011297747774177158,0.0012709357033180864,0.0003425102189381514,,,0.0004,8.828355186944639e-05,0.14045291188597142,,,,,,,,0.0036,0.0038,0.0324333333333333,,,,,0.0035,,,,,,,TG01,,0.12982430191012329,0.027315179186207534,38.50224285152781,0.020496295731933633
TG01.83B,0.44016259456486867,1.7188910428736495,9.330239533621766,0.0462333333333333,0.144,0.25370543477166185,,0.0064887039770006785,,0.0010758388993162993,0.001615521920702047,0.0006818293479354351,,,0.0005,0.0008728810774201215,0.18446451136254635,0.00042217017299571024,0.009746588273734506,0.0006,,,,,0.005,0.0033,0.0087,0.0265,0.0202,,,,,,,,,,TG01,0.04975738318968043,0.5579169948310189,0.023849230997047003,35.27163907212005,0.018393231517130463
TG01.85B,0.8470194736439276,4.576458265409238,15.93214123761857,0.0482333333333333,0.1297,0.7433864733806905,,0.0011298051965254235,,,0.0008229736207190619,0.0006557278764741296,0.0006,,0.0005,0.0038923927666605746,0.0726265762201565,0.0014759214641349512,0.025068919584415456,,,,,,0.0033,0.0034,0.0068,,,,,,,,,,,,TG01,0.03808681939845862,0.4604318631045344,0.03777227073128163,32.84133145874728,0.010667975634753477
TG02.10B,0.2932917638899401,0.19874504098604573,1.7619619734839143,0.0418333333333333,0.2361,0.01871191926357239,,0.0011153607254190212,,0.001096064853604328,0.07611506211909934,,,0.0008,0.0005,0.0001477227583506057,0.20459112469062093,0.0003845361983121659,,,,,,,,,,,,,,,,,,,,,TG02,,0.09822014337233907,0.024500947750564342,38.65590273980156,0.022206787959973544
TG02.11A,0.37435430254583807,0.3925344027494314,0.7299481529151808,0.0676666666666666,0.2965,0.04172433106620653,,0.0011442496676318259,,0.0010353869907402625,0.0015121460554868794,0.000420814633322146,,,0.0004,0.00020716196483169368,0.2647250898174335,,,,,,,,0.0036,,,,,,,,,,,,0.00135,0.00105,TG02,,0.11859914623496948,0.020590647229460156,38.59947027803786,0.021351541845953594
TG02.12A,0.33403229204119517,0.19448637150387638,1.8349566762065157,0.0595,0.2655,0.005871137756146558,,0.0009709160143549981,,0.0010151610364522135,0.001615521920702047,,,,,-3.059486109272951e-05,0.2913849493567156,,,,,,,0.0013,,,,,,,,,,0.0013,,,,,TG02,,0.08104832784546688,0.016887711129929737,38.9574830394218,0.018091792313008677
TG02.12B,0.43646809396029135,0.23504323320789988,0.9929845862022395,0.0331,0.2466,0.0074221310281108845,,0.001539065211206803,,0.0010151610364522135,0.0015466046772252343,0.00026420580455415685,,,0.0004,-3.059486109272951e-05,0.301255068632787,,,0.00065,,,,,,,0.01095,,0.0218,,,,,,0.0024,,0.0021,0.0014,TG02,,0.056292850597583044,0.01567314808928371,38.2152002689149,0.0191503346344596
TG02.13A,0.32697521862073337,0.3189032014222052,0.789330687175934,0.0511333333333333,0.2607666666666666,0.025745493403875924,,0.0011538793150360845,,0.0009679671431134869,0.013193618824800803,0.0004599668405141433,,,0.0005,0.00011205923446193865,0.18741500965147875,,,,,,,,,,0.0064,,,,,,,,,,,,TG02,,0.10984619746446266,0.018250391614556924,38.785470572231,0.018926007784880593
TG02.13B,0.48236071865777314,0.18831727085213557,1.0964194455822445,,0.2263666666666667,0.014960679722077246,,0.0015920282719302974,,0.0009544831735881277,0.003510746116313416,0.00018590139017016222,,,0.0004,0.00018338628223920142,0.19918187782757824,,,0.0005,,,,0.0016,0.0034,,0.0076,,,,,,,,,,,,TG02,,0.08626000726607402,0.019287213722425485,38.67318990683392,0.018568486868364053
TG02.14A,,0.3218882501246604,0.8486691691115675,0.0517,0.324,0.029027828002684285,,0.0011153607254190212,,0.000994935082164185,0.12039439105292946,0.00026420580455415685,,,0.0004,-0.00010192190887006362,0.23996197917817957,,,0.0006,,,,,,,,,,,,,,,,,,,TG02,,0.10109324869395583,0.022930902844363478,38.426392398962356,0.024379954315270166
TG02.14B,0.1861368147142159,0.09156189224322454,0.7556306584597055,0.0209,0.2351666666666666,0.0001,,0.001433139089759872,,0.0010219030212149033,0.0018911908946090913,0.00018590139017016222,,,0.0004,4.0732186684604545e-05,0.26511146459336526,,,,,,,0.0021,,,,0.0182,,,,,,,0.0018,,,,TG02,,0.09364321977860071,0.018072650681779462,38.85888088789925,0.018659619651005533
TG02.15A,,0.3547237858516664,1.9412108843941533,0.0594,0.2448,0.044826317610135294,,0.0015486948586110904,,0.0010556129450282707,0.001408770190271712,0.00010759697578616758,,,0.0003,0.00011205923446193865,0.21699024250006307,,,,,,,,,,,,,,,,,,,,,,TG02,,0.08395484136849778,0.020886882117422654,38.63909672652358,0.026062405687112707
TG02.16A,0.30472162513535056,0.13219835524597967,3.307141329366821,0.0520333333333333,0.2327999999999999,0.022174601917260266,,0.0018375842807391365,,0.001096064853604328,0.0017188977859172144,0.00038166242613014875,,,0.00045,-3.059486109272951e-05,0.18618563536442356,,,0.0006,,,,0.0014,0.004,,,,,,,,,,,,0.0011,,TG02,,0.07503485159092022,0.021064623050200112,38.12017240242488,0.020285989310453317
TG02.17A,,0.0001,3.681718249855827,0.0336,0.2462,0.023617386356296965,,0.0017509174541007226,,0.0010758388993162993,0.003166159898929559,,,,,,0.1966528792942076,0.0003845361983121659,,,,,,,,,,,,,,,,,,,,,TG02,,0.07653822065455688,0.018753990924093095,38.49000779891644,0.013023407555333032
TG02.18A,0.4379978481168742,0.2411327325609084,0.6388479445685666,0.06,0.2283333333333333,0.026430816012418378,,0.001577583800823866,,0.0010286450059775727,0.0016499805424404017,0.00026420580455407847,,,0.0003999999999999,0.0001596105996467805,0.18151401307361398,,,,,,,,,,,,,0.0003,,0.0023,,,0.0018,,,,TG02,,0.07386556454142498,0.018161521148168193,38.871425253638435,0.017650148827900006
TG02.18B,0.2754975480874258,0.04575134482288014,0.324005976941268,0.0375,0.1198,0.010307699906184156,,0.0012020275520574352,,0.0011230327926550464,0.001253706392448961,0.00026420580455415685,,,0.0003,-3.059486109272951e-05,0.17849326482542124,,,,,,,0.0021,,,0.0133,,,,,,,,,,,,TG02,,0.05098094657273347,0.018753990924093095,34.528428362229704,0.015049359415593416
TG02.19A,0.40399689724037496,0.3063659968718936,0.46726413822907764,0.059,0.2249,0.039091249464964714,,0.0009998049565678028,,0.0009544831735881277,0.001615521920702047,,,,0.0003,0.00011205923446193865,0.21983536585010502,,,,,,,,,,0.0073,,,,,,,,,,,,TG02,,0.08776337632971068,0.018576249991315633,39.0160463249549,0.018827864788189787
TG02.20B,0.5434642950631627,0.3770917507953967,0.5169551609635943,0.0207666666666666,0.2554666666666667,0.03220195376856484,,0.001389805676440665,,0.0010286450059775727,0.0018222736511323816,0.0003425102189381514,,,,0.00018338628223927276,0.23939997950409714,,0.007557683800780184,0.0006,,,,,,0.0035,0.0083,0.0198,0.0208,,,,,,,,,,TG02,,0.0745671367711221,0.01727281648428088,39.36000252308589,0.01990743775178874
TG02.21A,0.640603684006166,0.39906170924546636,1.0586225506299258,0.0514333333333333,0.2382333333333333,0.0580999344492721,,0.0012790647312915615,,0.0010219030212149033,0.0015121460554868794,0.0006035249335514406,,,0.0004,0.0002784890126090278,0.22981086006506687,,0.004792751834943,,,,,,0.0038,0.00325,0.0085,,,,,,,,,,0.0011,,TG02,,0.11512469328789811,0.017776415793816964,38.54489369504106,0.01588357488746535
TG02.21B,0.6127650446849575,0.3341468501294095,0.8847920757093539,0.02255,0.1980666666666667,0.03299548521003491,,0.0010431383698870098,,0.0009544831735881277,0.002476987464161741,0.00018590139017016222,,,0.0004,0.00013583491705435958,0.20529362428322392,,,,,,,,,0.0029,0.0087,,,,,,,0.0014,,,0.002,0.0011,TG02,,0.10005759445011718,0.020175918386312802,37.950531335880655,0.01727159726923544
TG02.22A,0.551546015135675,0.3122564929780719,0.14603458345948672,0.0409,0.2387999999999999,0.02834250539414183,,0.0016786950985687111,,0.0010151610364522135,0.000960808107672584,0.0008123367052420406,,,,0.00011205923446193865,0.2286166107576419,,,,,,,,,,0.0066,,,,,,0.001,,,,0.0011,,TG02,,0.0918057687008226,0.018665120457704364,38.81104045746375,0.017439842406419694
TG02.22B,0.6396079006400883,0.21442649683627646,0.8971267267427447,0.0205333333333333,0.2453,0.02556514534899641,,0.0014042501475470671,,0.0009544831735881277,0.002511446085900096,0.0003425102189381514,,,0.0004,8.828355186944639e-05,0.2689049623934211,,0.013778780723913848,0.0005,,,0.001,,0.00385,0.0039,,,0.0260999999999999,,,,,,,,,,TG02,,0.08990150122021613,0.019583448610387893,39.27092034227499,0.019059201851818138
TG02.23A,0.25133897772780806,1.8659942429306373,4.377128254188349,0.0518,0.1815,0.29186708318418053,,0.001953140049590355,,0.0011162908078923566,0.0013053943250565445,0.0010472499483941027,,,,0.0019665624766726252,0.2220482395668043,0.00045980414767925453,0.023456042604344,0.0006,,,,,,,0.02,,,,,,,,,,,,TG02,0.0781568571178944,0.6127398533516362,0.02461944170574937,36.28305863195187,0.011172711046306237
TG02.24A,0.2643707513447345,0.38003699884848563,2.6177224412505162,0.0905,0.2178,0.05521436557119895,,0.0016353616852495042,,0.0011162908078923566,0.001253706392448961,0.0005382712548981379,,,,0.00011205923446193865,0.27104758615086005,,,,,,,,,0.0041,,,,,,,,,,,0.0014,,TG02,,0.12765276881820367,0.02306420854394657,38.17796240513843,0.016998198921311027
TG02.24B,0.41788013779351246,0.5478365365758288,2.905251967303879,0.0841666666666666,0.2278,0.046269102049171854,,0.0056220357106165405,,0.0010623549297909605,0.0014432288120100666,0.0003425102189381514,,,0.0003,4.0732186684604545e-05,0.27055583643603803,,,0.00065,,,,,,,,,,,,,,,,,,,TG02,,0.10553653948203753,0.020175918386312802,38.19626343186752,0.016752841429583984
TG02.25A,0.4182842237971382,0.45836467680090787,1.5563697721523622,0.1386,0.2716,0.08096806780800263,,0.0011731386098446305,,0.001096064853604328,0.04348274733284487,0.000420814633322146,,,,0.0003973674255712751,0.23174273394472505,,,,,,,,,,,,,,,,,,,,,,TG02,,0.12835434104790083,0.017687545327428316,38.39071828488762,0.01266588663881649
TG02.26A,0.3813969443233131,3.2480717921673508,15.0119322182025,0.1154,0.1409,0.5344712866081881,,,,0.0011769686707564426,0.002339152977208219,0.0015170764346980703,,,0.0004,0.0019665624766726252,0.20192162623872975,0.0005350720970463432,0.020345494142777164,,,,,,,,0.0106,0.0193,,,,,,,,,,,TG02,0.05170798733608861,0.7980551465959165,0.046748187836543505,33.237973992982866,0.012371457648744045
TG02.27A,0.578186828088993,1.7206422714457565,8.180517900334388,0.1018333333333333,0.1914666666666666,0.2783409790682122,,0.0011731386098446305,,0.0011769686707564426,0.01729419481166904,0.0007862352337807352,,,0.0003,0.0009679838077899478,0.21860599156304983,0.00044098716033748244,0.012972342233877771,,,,,,0.004,,0.0077,,,,,,,,,,,,TG02,0.028455022652917664,0.44255847534796505,0.023701113553065756,35.8345545966192,0.021547827839335218
TG02.28A,0.5661797011241174,2.5781074613883272,13.777982539287112,0.1921,0.0637,0.42572140951580295,,0.0014620280319726767,,0.0011769686707564426,0.002649280572853722,0.0009689455340101082,,,0.0003,0.0016812542855632888,0.14048803686560163,0.0007608759451476091,0.01585247969829174,,,,,,,,,,,,,,,,,,,,TG02,0.04443454814609202,0.6047218850122407,0.03359535881101125,34.00084327055216,0.01603078938250157
TG02.29A,0.8255740521657964,2.5814905165844424,10.7912789485269,0.2675333333333333,0.1475333333333333,0.378686636803209,,0.001346472263121458,,0.0011162908078923566,0.0024425288424233865,0.0006818293479354351,,,0.0003,0.0016812542855632888,0.1791957644180242,0.0005727060717298875,0.03728070243352991,,,,,0.0015,0.0052499999999999,,0.0071,,,,,,,,,,0.0012,,TG02,0.060810806685993396,0.6777522133035686,0.02402697192982447,34.38755341657233,0.016745831215534645
TG02.2A,0.31606489652284137,0.3836787582654809,7.361563150204921,0.099825,0.19265,0.05064254238000164,,0.001375361205334263,,0.0011162908078923566,0.0008918908641958746,0.00029030727601546223,,,0.0004,0.0002012180441836063,0.26219609128406296,,0.004792751834943,0.0005499999999999,,,,,,,0.0072,,,,,,,,,,0.0015999999999999,0.0009,TG02,,0.13496916492790217,0.02599693393477471,37.14642889996726,0.020820518131715798
TG02.2B,0.40287122908741796,0.2976894553100907,4.979411643218773,0.1474333333333333,0.2294333333333333,0.025709423792900043,,0.001288694378695849,,0.0009881930974015155,0.0014087701902716087,,,,0.00045,0.00020716196483169368,0.2785292068120816,,,0.0005499999999999,,,,0.00135,,,,0.0233,,,,,,,,,0.00145,,TG02,,0.11619375573315079,0.02313826726593715,37.93365658635204,0.017453862834518365
TG02.30A,0.42815546759999284,1.7267317707987646,8.689586569412473,0.2351333333333333,0.1605,0.32515933411495046,,0.0011442496676318259,,0.0010893228688416585,0.0013743115685332537,0.0019346999780793489,,,0.0004,0.0009679838077899478,0.22067836536122856,0.00042217017299571024,0.009516177276581292,,,,,,,,0.0072,,,,,,,,,,,,TG02,0.031210113255189124,0.42712388629462855,0.02349374913149208,35.44811939560152,0.01919239591875566
TG02.32A,0.7788443921750898,0.8072571691438603,2.050020127438708,0.1354666666666666,0.2147333333333333,0.12237598120835351,,0.0014909169741854813,,0.0010825808840789891,0.001167559838102919,0.0005252205191674461,,,0.0005,0.00044491879075611693,0.27737008248428674,,,,,,,,,,0.0078,0.0173,,,,,,,,,,,TG02,0.015406913560560166,0.18301015856144728,0.014547455515026416,37.9643129541311,0.017580046687406554
TG02.32B,0.573366659331459,1.088130351720203,2.6662681035319333,0.0640666666666666,0.1806666666666666,0.13849909731458773,,,,0.0010219030212149033,0.001167559838102919,0.00026420580455415685,,,,0.0007540026644579455,0.28154995506027425,0.0005350720970463432,0.00824891679223948,,,,,,,,0.0089,,,,,,,,0.0023,,0.0011,0.001,TG02,0.01606813530510531,0.23699781204671092,0.016709970197152275,38.097214494715885,0.021015051571585088
TG02.33A,,1.0580012601500892,2.74194999808681,0.0881,0.1928,0.17370303762708136,,0.0017509174541007226,,0.0009140312650120705,0.002649280572853722,0.0006557278764741296,,,,0.0009679838077899478,0.2796883311398765,,,,,,,,,,0.0104,,,,,,,,,,,,TG02,0.021490153610375495,0.3157743509812724,0.016265617865208616,36.997365748454115,0.02202452239469061
TG02.34A,0.6170079477230268,0.5925724664632891,1.2451400951848415,0.0862,0.2011,0.08410612396290724,,0.0016642506274623088,,0.001096064853604328,0.0013053943250565445,0.0005774234620901351,,,,4.0732186684604545e-05,0.2937031980123054,,,,,,,,0.0033,0.0042,,,,,,,,,,,,,TG02,,0.12705142119274904,0.015465783667710033,38.39680144306799,0.02223482881617093
TG02.35A,0.7553785406788305,0.7390786567797857,1.705442840355913,0.1224,0.2255,0.099147151739864,,0.0015198059163982858,,0.0011365167621803852,0.009678839407485108,0.0008123367052421189,,,0.0005,0.00011205923446193865,0.28042595571210954,,,0.0005,,,,,,,,,,,,,,,,,,,TG02,,0.19991470847700635,0.01777641579381705,37.9552054009232,0.02063650001292051
TG02.36B,0.4452136696101889,0.3964746670366718,1.6836809917470017,0.0549666666666666,0.1755666666666666,0.03865841413325376,,0.0010720273120998142,,0.0010623549297909605,0.0018567322728707367,0.0003425102189381514,,,,0.0003498160603863619,0.2850975780029191,0.0003845361983121659,,0.0007,,,,,,,0.0074,0.0173,,,,,,,,,0.0016,,TG02,,0.1583214977163917,0.02070914118464519,38.408933391303435,0.01872972179149896
TG02.37A,0.5017568468318034,0.43309126445345425,1.683813148722359,0.1273333333333333,0.2070666666666666,0.06751410291398606,,0.0018953621651647454,,0.0010488709602656013,0.007301194507536257,0.0003425102189381514,,0.0007,0.0004,0.00011205923446193865,0.2831305791436309,0.00042217017299571024,,,,,,,0.00425,0.003,0.0119999999999999,,,,,,,,,,0.0013,,TG02,,0.17034845022548514,0.02171633980371745,38.292391078367565,0.016893045710570848
TG02.38A,,0.40105174171376967,2.1649526436748374,0.0434,0.3437,0.04385243811378557,,,,0.0009140312650120705,0.001202018459841377,0.0003425102189381514,,,,0.00018338628223927276,0.1990765028886878,,,,,,,,,,,,0.0425,,,,,,,,,,TG02,,0.15691835325699757,0.021597845848532502,38.29679019840761,0.015736360392429122
TG02.39A,0.4036505378086959,0.2171727416425352,1.7449577759878827,0.056,0.1837,0.04363602044793009,,0.001375361205334263,,0.000994935082164185,0.004613422011941903,0.0006557278764741296,,,,0.0003973674255712751,0.2382759801559325,,,,,,,,,,,,,,,,0.0011,,0.0026,,,,TG02,,0.13136107917517414,0.02150897538214377,37.1784170326022,0.017208505342791346
TG02.39B,0.26709833186920745,0.7362528106747946,2.9033136649986324,0.0235,0.1575333333333333,0.05485366946143973,,0.0031279570329110565,,0.0010353869907402625,0.0015466046772252343,0.00018590139017016222,,0.0005,0.00045,0.00013583491705435958,0.2378896053800008,,,,,,,,,0.005,,,,,,,,,,,0.0013,,TG02,,0.1592569273559879,0.019079849300851718,37.62162837663669,0.019045181423719443
TG02.3A,0.6414984458713366,0.9812599223652573,5.502709213310375,0.1815142857142857,0.2191714285714285,0.17724301230428904,,0.0013811389937768237,,0.0010873965874808958,0.0014530741325067395,0.0007004732561220819,,,0.0003333333333333,0.0005705902558876273,0.3085309572704605,0.0005350720970463432,0.00738487555291536,0.00065,,,,0.00145,,,,,,,,,,,0.0021,,0.0012,0.00125,TG02,0.022305660428647817,0.3659009709031008,0.030357934678278835,36.66992097966985,0.017872472759179192
TG02.40A,0.2687002442407234,0.2998784910252247,1.0069932255901612,0.0690666666666666,0.2530333333333333,0.04262607134060438,,0.0014042501475470671,,0.0010825808840789891,0.004578963390203445,0.00022505359736215948,,,0.0005,6.450786927702552e-05,0.30575106602544594,,,0.0005499999999999,,,,,,0.0033,,,,,,,,,,,0.0012666666666666,0.0011,TG02,,0.10947870724890699,0.017509804394650857,38.52516639111149,0.015336778191616518
TG02.40B,0.5694701157250688,0.15166087278598706,0.9067741859438616,0.0359333333333333,0.2683666666666666,0.012652224619618607,,0.0012116571994616936,,0.001042128975502932,0.0030627840337143913,0.00023810433309277309,,,0.0004,8.828355186944639e-05,0.3077180648847342,,,0.0009,,,,,,,0.00835,0.01985,,,,,,,,,0.0012,0.0011,TG02,,0.09558089546062139,0.017717168816224534,39.148501079910616,0.022949870649204007
TG02.41A,,0.3419477774051586,0.6906094265836886,0.0689,0.3138,0.05737854222975387,,0.000913138129929389,,0.0010151610364522135,0.002339152977208219,0.0006557278764741296,,,0.0004,0.00011205923446193865,0.28042595571210954,,,,,,,,,,,,,,,,,,,,0.0012,,TG02,,0.16944642878730315,0.02150897538214377,38.902837720174375,0.025158088074747342
TG02.41B,0.45040906108537543,0.22959054424474845,0.36669267998182375,0.0214,0.2185333333333333,0.029641011389274784,,0.0018231398096327052,,0.0010825808840789891,0.006267435855384583,0.00026420580455407847,,,0.00035,0.0003022646952014487,0.2772647075453963,0.0004974381223627988,,0.0006,,,,,,0.0028,,,,,,,,0.0023,0.0023,,0.00175,0.0012666666666666,TG02,,0.13232991701618438,0.019079849300851718,39.03986343579671,0.01987238668154202
TG02.42A,,0.30529137933900985,1.6031533414290084,0.0388,0.2204,0.04699049426869022,,0.0015198059163982858,,0.0010556129450282707,0.0009952667294110423,0.00018590139017016222,,,,,0.22405036340572274,,,,,,0.0011,,,,,,0.0226,,,,,,,,,,TG02,,0.21023784271397816,0.0247083121721381,38.56950127276506,0.020615469370772483
TG02.42B,,0.3558382040339162,1.5316564177604612,0.0229,0.1896333333333333,0.02913603683561204,,0.0011538793150360845,,0.001096064853604328,0.0022357771119930515,0.00014674918297816485,,,0.0003999999999999,0.00020716196483169368,0.22225898944458508,,,0.0005,,,0.0015,0.0018,0.0035,0.0041,,,,,,,0.0011,,0.0021,,,0.0016,TG02,,0.16329931972709982,0.023404878665103344,38.41646001074693,0.015722339964330426
TG02.43A,0.3023836989715167,0.46023530732111284,1.5616560511666724,0.0540333333333333,0.2234333333333333,0.053807650743138244,,0.0014475835608662743,,0.0009747091278761563,0.0014432288120100666,0.00038166242613007047,,,0.0003333333333333,7.63957105732716e-05,0.22538511263166824,,,0.0005499999999999,,,,,0.0055,,0.0073,0.0197,,,,0.00245,,,,,0.0013,,TG02,,0.1713841044693237,0.022071821669272376,38.63438829335571,0.01629717751637662
TG02.43B,0.3404399415272586,0.353728769617515,1.188885276007556,0.0204,0.2117,0.031985536102709336,,0.0011731386098446305,,0.000981451112638846,0.004268835794557943,,,,,0.000326040377793941,0.22710623663354557,,,0.0006,,,,0.0014,,,0.0073,,0.0224,,,,,,,,0.0015,,TG02,,0.18424626201377076,0.02239768004603109,39.3493484042389,0.015399870118060615
TG02.45A,0.4495431625061777,1.333501355062012,7.2213666255129,0.1871333333333333,0.2029666666666666,0.22250522127749497,,0.0014042501475470671,,0.0010084190516895441,0.0017188977859172144,0.0006035249335514406,,,,0.0007064512992730323,0.261247716834049,0.0003845361983121659,0.010092204769464154,,,,,,,0.003,0.0115,0.01815,,,,,,,,,,0.001,TG02,0.02336361521992005,0.3448060780101672,0.024441700772971822,36.130154842435005,0.015287706693271098
TG02.45B,0.668990725760866,1.0761503562610166,5.62389715971344,0.1338,0.1699,0.14307993790852908,,0.0019820289918031594,,0.0011230327926550464,0.0014087701902716087,0.0003164087474767676,,,0.0004,0.000326040377793941,0.23325310806882135,0.0003845361983121659,,0.0005,,,,,,0.0041,0.0983,,,,,,,,,,0.0019,,TG02,0.022349741878284184,0.2555727720329773,0.020116671408720282,36.51971754285614,0.016998198921311027
TG02.46A,0.4208530562487582,1.4858582408353207,7.295771002639318,0.174,0.1433333333333333,0.25835841458755493,,0.0010286938987806072,,0.00106909691455363,0.002924949546760766,0.0008645396481647299,,,0.0003,0.0008728810774201215,0.16388127329927993,0.0004347148312235457,0.004965560082807824,,,,,,,,0.0352,,,0.0003,,,,,,,0.0012,0.00115,TG02,0.026846049741191102,0.47219155000231444,0.04825898576515185,35.665497788205286,0.017278607483284775
TG02.47A,0.21358579967478525,1.3204069414205761,6.422301500174775,0.126,0.1767999999999999,0.23054874452512406,,0.01832354063684628,,0.0010556129450282707,0.0010641839728877515,0.0004469161047834514,0.0004,0.0006,0.0004,0.001063086538159703,0.18140863813472352,0.0004974381223627988,0.0065208343135912394,0.0005,,,,,,,0.0255,0.0182,,,,,0.0011,,0.0023,,,,TG02,0.024046877689283343,0.40170024501846163,0.03246966623675396,36.18002299226396,0.013422989756145634
TG02.47B,0.4407975868562802,2.025992853382231,9.548342595287187,0.1025333333333333,0.1785,0.34874885969319913,,,,0.0011162908078923566,0.0014432288120100666,0.0009689455340101082,,,,0.0012057406337143708,0.23184810888361548,0.0004848934641349256,0.012741931236724903,0.0005,,,,,0.0044,,0.1271,0.017,,,,,,,,,,,TG02,,0.4829823990590844,0.03220305483758776,35.63212633852652,0.01406792944868526
TG02.48A,,1.250716004380591,6.009002585905947,0.07,0.1701,0.22618432159703836,,,,0.0011365167621803852,0.003166159898929559,0.0008906411196261137,,,,0.0008253297122352796,0.32984680205172723,0.0004974381223627988,,0.0005,,,,,,,,,,,,,,,,,,0.0017,TG02,0.020895054040284865,0.3596727276394632,0.01591013599965369,36.190883319862806,0.022655441659131567
TG02.49A,0.29261347666956844,0.9299227704900824,3.3133527072086344,0.0754333333333333,0.1933333333333333,0.14423416545975828,,0.0013368426157171706,,0.0010151610364522135,0.04162198175897185,0.0009689455340101082,,,0.0004,0.0007540026644579455,0.29749669581236116,0.0003845361983121659,0.005656793074267119,0.0007,,,,,,,0.0149,,,,,,,,0.0019,,0.0015,,TG02,0.021357909261466468,0.40002983494775424,0.021094246538996327,37.61097425778971,0.024422015599566232
TG02.49B,,1.724303931187434,5.803850907825588,0.0287333333333333,0.1608333333333333,0.2527315552753121,,0.0015631393297174925,,0.0010623549297909605,0.002683739194592076,0.0007601337623194297,,,0.0003,0.0014434974596387942,0.2907526997233729,0.00042217017299571024,0.01769576767551641,0.0009,,,0.0011,0.0021,,,,,,,,,,,0.0019,,,,TG02,0.04447862959572832,0.785126172648641,0.03685394257859801,36.50188048581877,0.01847735408572259
TG02.50A,0.47422127201331427,0.8077347769362532,4.020700891648476,0.0734333333333333,0.1926,0.12969811223646438,,0.001327212968312912,,0.0010623549297909605,0.0013743115685332537,0.0007862352337807352,,0.0006,0.0003666666666666,0.000326040377793941,0.25685709438028054,0.0003845361983121659,0.0044471353392133515,0.0005,,,,,0.00385,,0.0077333333333333,0.0207,0.0239,,,,0.0012,,,,,0.0011,TG02,,0.1906606366852872,0.01727281648428088,37.43531876931574,0.02090288814679557
TG02.50B,0.29004464421794846,0.7334667652191699,3.1460860287308337,0.0401333333333333,0.2457,0.11454887562657991,,0.0015920282719302974,,0.0010623549297909605,0.001167559838102919,0.00023810433309277309,,,0.0006,0.0003022646952014487,0.2836574538380831,0.00042217017299571024,0.005138368330672648,,,,,,,0.00355,0.0088,,,,,,,,,,0.00135,,TG02,0.015803646607287253,0.16657332346568637,0.015525030645302461,38.15814918089557,0.02038413230714414
TG02.51A,0.3684084656353466,0.9511365166021962,5.259408221676743,0.1217,0.2025,0.1210053359912688,,0.001375361205334263,,0.0011769686707564426,0.001202018459841377,0.0008906411196261137,,,0.0006,0.0003973674255712751,0.28274420436769926,,0.004792751834943,,,,,,,,,,,,,,,,,,,,TG02,0.015208547037196622,0.20853402444185656,0.016443358797986078,37.31420549571327,0.022781625512019753
TG02.51B,0.3740656696861053,0.9167487555499135,4.889544899975498,0.0797333333333333,0.2161666666666667,0.11321430002047107,,0.0017798063963135272,,0.0010016770669268745,0.007059984155367465,0.00022505359736215948,,,0.0006,0.0003973674255712751,0.2946866974419494,,0.005829601322131945,0.0006,,,0.0012,,,,0.0108,0.0259,,,,0.0045,,,0.0018,,0.0017,0.0012,TG02,0.015274669211651135,0.18244221913740674,0.018220768125760706,37.49986210865327,0.01917837549065697
TG02.52A,0.22311068404596074,0.5703637041170232,2.423319530499255,0.0604,0.2071,0.08280761796777429,,0.0012309164942702396,,0.0010556129450282707,0.0560946028890953,,,,,0.00025471333001660687,0.3138298113403799,,0.005138368330672648,0.0006,,,,,,,,,,,,,,,,,0.0016,0.0012,TG02,,0.1870859591339734,0.019642695587980413,38.340609558181484,0.013738449388366112
TG02.53A,0.6691783371196922,0.5955177145163782,2.966308489919164,0.0885,0.2187333333333333,0.08865089494587262,,0.001596843095632412,,0.0010353869907402625,0.002752656438068889,0.000420814633322146,,0.0006,0.00045,0.00039736742557120385,0.2483568493097848,,,0.0005,,,,,,,0.009,,,,,,,,,,,0.0011,TG02,0.01593589095619628,0.161094378433766,0.017035828573910897,37.89007780345535,0.015820482961021252
TG02.54A,0.5468528448364232,1.7515474756785083,7.447927733601217,0.0453,0.1716833333333333,0.2342639144556434,,0.0012164720231638375,,0.0010893228688416585,0.000960808107672584,0.0005513219906287516,,0.0005,0.0004,0.0008609932361238753,0.342649857126916,0.00045980414767925453,0.00790330029650983,0.0006,,,,0.0018,,,0.0069999999999999,0.018,0.0211,,,,,,,,0.0014,0.00105,TG02,0.024697079071419385,0.3372057121884485,0.017465369161456492,36.189216465785144,0.01808127699193466
TG02.55A,0.34697747580020183,1.8757454020253237,9.44327779987777,0.251,0.1361,0.29792677782813415,,0.0017942508674199296,,0.0011230327926550464,0.001512146055486776,0.0006818293479354351,,,0.0004,0.001063086538159703,0.24934034873942898,0.0005601614135020143,0.009516177276581292,,,,,0.0015,,,0.0215999999999999,,,,,,0.0011,,,,,0.0009,TG02,0.031805212825279754,0.39451748171441975,0.02355299610908459,35.38388536939181,0.020524336588131003
TG02.56A,0.43903692641191144,1.21995010242062,6.05367164357687,0.1633333333333333,0.2034333333333333,0.21475025491767316,,0.0013368426157171706,,0.0010084190516895441,0.0021324012467778845,0.00039471316186076225,,,0.00035,0.0005875728863107851,0.29394907286971633,,0.010322615766617369,0.0005666666666666,,,,0.0013,,,0.0075,0.0191,,,,,,,0.0018,,0.0012499999999999,0.001,TG02,0.019881180698648932,0.2731120777754051,0.017983780215390727,36.716921845901275,0.020264958668305282
TG02.57A,0.6672300653164973,1.2523876316539655,5.416542865377117,0.157,0.1456,0.1893933184016046,,0.0009709160143549981,,0.0010758388993162993,0.0024425288424233865,0.0007340322908581244,,,,0.0004686944733486091,0.28190120485657577,,,,,,,,,,,0.0203,,,,,,,,,,,TG02,0.016332624002923367,0.27398069101217304,0.019109472789648023,36.71702495027721,0.024905720368970957
TG02.57B,0.5337662309761475,1.2009651926730058,5.821692099498884,0.1458,0.1982333333333333,0.18885227423696574,,0.0012020275520574352,,0.0010825808840789891,0.0018567322728707367,0.0005252205191674461,,,0.0004,0.0007064512992730323,0.25594384490989663,0.00042217017299571024,0.007788094797933052,0.0009,,,0.001,,,0.0044,,,,,,,,,,,0.0012,,TG02,0.02076280969137577,0.2598824300154024,0.019583448610387893,37.15418750425664,0.018070761670860643
TG02.58A,0.5378070910124038,1.134338905634208,4.633733048007997,0.1854,0.2181666666666667,0.18665202796743488,,0.0012453609653766131,,0.0011297747774177158,0.0037519564684821054,0.0004991190477061406,0.0006,,,0.0006826756166805401,0.25288797168207383,,0.008940149783698777,,,,0.0011,,,,0.0081,,,,,0.0023,,,,,0.00115,,TG02,0.017831393290558984,0.2918206705673282,0.02038328280788648,37.14442695666779,0.018463333657623895
TG02.59A,0.4590680468773532,1.5828922239897947,7.11958973546011,0.0319727272727272,0.1916636363636363,0.23727080838881745,,0.001960362285143556,,0.001096064853604328,0.0013053943250565445,0.0005539321377749369,,,0.0003,0.0008966567600125424,0.2808187168479739,0.0005037104514766978,0.008853745659766364,0.0005333333333333,,,0.00145,0.0014,0.0056,0.0034999999999999,0.0094799999999999,0.0174,0.025,,,0.00245,,,0.0019,,0.0013666666666666,0.0010833333333333,TG02,0.02191333552688439,0.3779409395945633,0.022599658378732724,36.67352427675623,0.017564114382748953
TG02.5A,0.9021267023883726,1.770830890296368,9.17551675472167,0.20005,0.1357666666666666,0.2782057180270525,,0.001375361205334263,,0.0010202175250242206,0.001512146055486776,0.0004012385297261474,,,0.0005,0.0012889555227879514,0.1815579192981517,0.0004848934641349256,0.010668232262347015,0.0007,,,,0.002,0.005,,0.025175,,0.0195,,,,,0.0013,,,,,TG02,0.035689890574482484,0.48866179329948967,0.03657251943503376,35.17063974385691,0.015841513603169283
TG02.5B,0.462069828618572,0.4532701936820508,4.513646409732914,0.0846333333333333,0.0976666666666666,0.085080003459257,,0.002155362645079987,,0.001126403785036371,0.000960808107672584,0.00018590139017016222,,,0.0003999999999999,0.0004686944733486091,0.2933519482160039,0.00042217017299571024,,,,,,,0.004,0.0036,,,,,,,,,,,,0.0012,TG02,,0.16253093109457445,0.016561852753171024,35.57067613046714,0.01274299899335926
TG02.60A,0.5566259534669689,1.2079551817179215,5.065434821095394,0.0920125,0.2028125,0.17711161586430532,,0.0016931395696751133,,0.001025274013596248,0.004367904332055881,0.00026420580455407847,,,0.0003,0.0006113485689032773,0.35684913014240316,0.0003845361983121659,0.010668232262347015,0.0005499999999999,,,,,,,0.009,0.0179,,0.0003,,,,,,,0.0014166666666666,0.0013,TG02,0.021115461288466558,0.37663574190749705,0.017376498695067757,36.83259206765732,0.018714825086644116
TG02.62A,0.16076598634372125,0.003801460391044464,22.5926765863491,0.0527999999999999,0.0996666666666666,0.043022837061339456,,0.0013175833209086534,,0.0011162908078923566,0.001202018459841377,0.00023810433309277309,,0.0006,,0.00013583491705435958,0.2131264947407468,,0.003928710595618879,0.0007,,,,,,,,,,,,,,,0.0019,,0.0012,0.0009,TG02,,0.21174121177761485,0.017539427883447072,33.28777340656118,0.010969414838875258
TG02.63A,,0.6627808119450332,1.960241488845671,0.2579,0.2797,0.11169937635948261,,0.009868710215898817,,0.0010353869907402421,0.0018222736511323816,0.0004991190477061406,,,0.0005,0.0004686944733486091,0.27842383187319114,,,,,,,,,,,,,,,,,,,,0.0023,,TG02,0.016927723573014,0.2714750759061119,0.01715432252909593,37.470924147139854,0.01767117947004804
TG02.65A,0.7035978056428036,0.7598147950995072,1.9427967680984461,0.0752666666666666,0.2903333333333333,0.12262846848518498,,0.0013175833209086534,,0.0010016770669268745,0.006232977233646125,0.0006296264050127461,,,0.00035,0.0003498160603863619,0.24238560277265978,0.00042217017299571024,,,,,,,,0.0032,,,0.0269,,,,,,,,0.0016,0.0011,TG02,0.02049832099355778,0.21187484458327138,0.018753990924093095,38.06109359501209,0.021835246615358326
TG02.66A,0.6318148134273085,0.37936038780926273,1.8159260717549985,0.085,0.3587333333333333,0.07047181101401119,,,,0.000994935082164185,0.11867145996600997,0.00036861169039945687,,,,0.00020716196483169368,0.3170964344459836,,0.014470013715373145,0.0006,,,0.0012,,,,0.0116,,,,,,,,,,,0.0013,TG02,,0.11726281817840357,0.019524201632795377,38.227400953400966,0.019900427537739407
TG02.67A,0.2800002206992543,0.5668413466481262,2.001210151206576,0.06555,0.2800749999999999,0.10599136042254396,,0.0017509174541007226,,0.0010101045478802064,0.026761701134291528,0.0003164087474767676,,,0.000475,0.0002903768539052739,0.27405077190923777,0.00042217017299571024,,0.0006,,,0.0012499999999999,0.0016,,,0.0104,0.0282,,,,0.0047,,,,,,,TG02,0.02717666061346374,0.1552395911359366,0.018354073825343806,38.47621758863466,0.018128595936767737
TG02.68A,0.5358155242802487,0.5091503053920107,1.1006925211188117,0.0902333333333333,0.1944,0.08031881481043614,,0.0013175833209086534,,0.0010016770669268745,0.003717497846743751,0.0005774234620901351,0.0004,,,0.0002309376474241146,0.2790912064861639,0.0005350720970463432,,,,,0.0016,0.0013,,,,,,,,,,,0.0023,,,,TG02,0.015340791386105652,0.16994755180851528,0.019109472789648023,38.2641404793604,0.023019972789697436
TG02.69A,,0.3394403364950963,2.528384325908673,0.0781,0.241,0.04688228543576249,,0.0023286962983568144,,0.0008938053107240419,0.002752656438068889,0.0006557278764741296,,,0.0004,,0.3500787903186922,,,0.0007,,,,0.0016,,,,,,,,,,,,,,,TG02,,0.14859971110487466,0.013599503873546673,38.16883766786786,0.023181207712832354
TG02.6A,0.7026453172056861,0.8443911750024019,8.08082748858952,0.134,0.1976,0.08345687096534078,,,,0.0011769686707564426,0.0015121460554868794,0.0003425102189381514,,,,0.00025471333001660687,0.317412559262655,,0.005829601322131945,,,,,,,,,,,,,,,,0.0021,,,0.0011,TG02,,0.2919208951715706,0.022842032377974743,36.776309966441865,0.02229792074261503
TG02.7A,0.3993210449127071,0.6040350534807167,2.9810219665089934,0.0698,0.18725,0.11380944860157367,,0.0018086953385263319,,0.001126403785036371,0.001408770190271712,0.0003033580117461541,,,,0.0002903768539052739,0.2752098962370326,,,,,,,,,,,,,,,,,,,,0.0011,0.0012,TG02,0.018051800538740746,0.17641203878215303,0.01839850905853817,37.50221632523721,0.016514494151906298
TG02.8A,0.4196696615238546,0.3693266441040769,1.9783866415622908,0.05017,0.20728,0.03981624864558063,,0.0015321868916323327,,0.001053590349599468,0.0010779674215831761,0.00029030727601546223,,,0.0005,0.00021191710135013504,0.3091617015475333,0.0004974381223627988,,0.0006428571428571,,,0.0011,0.0029,0.0037,0.006,0.0076,,,,,0.0026,,0.0017,0.0019,,0.0014333333333333,0.001,TG02,,0.1553949392725124,0.024335056213305346,38.05397939307233,0.02153871456107108
TG02.9A,0.5669157149164354,0.37052464364999527,1.809890903213661,0.0811666666666666,0.2089666666666666,0.047567608044304835,,0.0012453609653766131,,0.0010084190516895441,0.0014087701902716087,0.00038166242613014875,,,0.0003999999999999,4.0732186684604545e-05,0.1934565061478641,,0.004101518843483703,,,,,,,,,,,,,,,,,,0.0012,0.001,TG02,,0.10600425430183555,0.018220768125760706,38.28111833326495,0.016570575864301034
